Name,FIPS,"# Population, 2014","# Asian Population, Alone, 2014","# Population, Not Hispanic, Asian Alone, 2014","# Black Population, Alone, 2014","# Population, Not Hispanic, Black Alone, 2014","# White Population, Alone, 2014","# Population, Not Hispanic, White Alone, 2014","# Hispanic Population, 2014","# Population, Not Hispanic, 2014","# Population, Hispanic, Black Alone, 2014","# Population, Hispanic, American Indian and Alaska Native Alone, 2014","# Population, Hispanic, Asian Alone, 2014","# Population, Hispanic, White Alone, 2014","# Population, Hispanic, Two or More Races, 2014","Average Household Income, 2014","Median Household Income, 2014","Household Income, Per Capita (), 2014","# Asian Households, 2014","# White Households, 2014","# Hispanic Households, 2014","# Hispanic Head of Households, Other Race Alone, 2014","# Hispanic Head of Households, Black Alone, 2014","# Hispanic Head of Households, Asian Alone, 2014","# Hispanic Head of Households, American Indian and Alaska Native Alone, 2014","# Hispanic Head of Households, White Alone, 2014","# Hispanic Head of Households, Two or More Races, 2014","# Asian Non-Hispanic Head of Households, 2014"
"75001, Addison, TX",75001,"11,086",920,970,"1,352","1,388","7,397","5,371","3,039","8,047",42,12,4,"1,876",244,"86,090.28 ","66,115.00 ","48,877.00 ",499,"4,513","1,141",291,13,2,5,739,91,497
"75002, Allen, TX",75002,"69,471","6,858","6,939","6,972","6,935","50,806","44,590","8,758","60,713",163,103,45,"5,923",548,"120,427.28 ","101,187.00 ","39,325.00 ","1,902","17,457","2,103",573,42,14,28,"1,346",100,"1,888"
"75006, Carrollton, TX",75006,"47,314","3,982","3,814","3,933","3,597","30,287","16,278","22,587","24,727",247,246,74,"14,218",891,"85,128.14 ","65,120.00 ","30,942.00 ","1,267","11,853","5,742","1,705",56,13,60,"3,679",229,"1,254"
"75007, Carrollton, TX",75007,"54,941","8,412","8,439","4,954","4,857","34,936","27,466","12,159","42,782",131,120,31,"7,363",562,"107,697.85 ","88,829.00 ","38,798.00 ","2,354","13,777","3,196",991,31,7,21,"1,985",161,"2,347"
"75009, Celina, TX",75009,"8,752",64,60,323,333,"7,639","6,454","1,668","7,084",6,34,7,"1,154",62,"119,681.19 ","104,545.00 ","37,878.00 ",11,"2,461",360,98,3,1,9,238,11,10
"75010, Carrollton, TX",75010,"24,176","6,315","6,379","2,850","2,813","13,298","11,194","2,990","21,186",70,18,12,"1,986",163,"106,110.77 ","86,094.00 ","41,062.00 ","1,775","5,795",913,237,12,3,5,608,48,"1,772"
"75013, Allen, TX",75013,"33,509","6,890","6,986","2,009","1,990","22,911","20,979","2,486","31,023",57,15,36,"1,742",209,"159,576.97 ","141,321.00 ","53,019.00 ","1,990","7,971",677,167,15,11,4,453,27,"1,979"
"75019, Coppell, TX",75019,"41,172","7,012","7,533","2,082","2,194","29,594","25,298","4,953","36,219",45,55,19,"3,514",287,"142,549.77 ","119,352.00 ","50,707.00 ","2,102","11,023","1,397",308,10,3,13,"1,011",52,"2,099"
"75022, Flower Mound, TX",75022,"25,107","3,128","3,334",709,736,"20,284","18,611","1,772","23,335",20,14,4,"1,374",99,"175,582.11 ","152,304.00 ","54,344.00 ",816,"6,477",400,53,2,3,1,324,17,813
"75023, Plano, TX",75023,"50,981","5,804","5,814","4,584","4,516","37,106","32,439","6,704","44,277",113,69,49,"4,548",419,"100,363.72 ","83,594.00 ","39,051.00 ","1,924","15,277","1,835",467,35,21,17,"1,190",105,"1,903"
"75024, Plano, TX",75024,"38,822","11,712","11,769","3,057","3,034","22,098","19,708","2,945","35,877",45,22,28,"2,274",182,"125,130.23 ","99,545.00 ","53,516.00 ","3,982","10,396","1,127",208,20,8,4,843,44,"3,974"
"75025, Plano, TX",75025,"56,462","16,217","16,346","4,078","4,050","33,347","30,027","4,188","52,274",72,34,47,"3,080",331,"136,718.11 ","113,485.00 ","48,547.00 ","4,786","12,893","1,199",226,22,9,9,854,79,"4,777"
"75028, Flower Mound, TX",75028,"46,220","3,688","3,996","1,865","1,969","38,450","34,846","3,955","42,265",55,55,14,"3,005",213,"137,447.12 ","122,756.00 ","45,937.00 ",955,"13,340",958,129,7,3,14,776,29,952
"75032, Rockwall, TX",75032,"29,773",690,793,"1,457","1,697","25,039","20,920","5,660","24,113",51,63,33,"3,572",337,"123,866.65 ","98,739.00 ","41,323.00 ",199,"8,578","1,390",399,27,23,18,846,77,176
"75034, Frisco, TX",75034,"49,408","4,720","4,786","4,162","4,121","36,242","31,166","7,639","41,769",125,93,31,"4,861",386,"141,013.22 ","113,504.00 ","51,785.00 ","1,440","14,011","2,036",578,44,15,23,"1,291",85,"1,425"
"75035, Frisco, TX",75035,"51,086","7,134","7,187","4,941","4,889","35,867","31,552","5,638","45,448",125,32,54,"4,107",425,"126,566.71 ","112,303.00 ","42,703.00 ","2,034","12,769","1,493",292,27,12,4,"1,102",56,"2,022"
"75038, Irving, TX",75038,"32,047","8,177","8,084","8,709","8,434","11,069","6,540","7,980","24,067",205,111,26,"4,674",450,"73,300.82 ","51,920.00 ","32,688.00 ","3,207","5,448","2,875",932,63,11,41,"1,710",118,"3,196"
"75039, Irving, TX",75039,"11,280","3,372","3,503","1,317","1,341","5,742","4,568","1,453","9,827",31,6,13,958,53,"126,116.84 ","82,650.00 ","73,699.00 ","1,550","3,722",775,217,11,3,3,513,28,"1,547"
"75040, Garland, TX",75040,"62,056","6,562","6,326","9,546","9,025","34,795","18,437","26,943","35,113",304,272,83,"16,760","1,279","74,514.05 ","63,516.00 ","22,974.00 ","1,728","11,647","6,023","1,821",49,13,58,"3,785",297,"1,715"
"75041, Garland, TX",75041,"32,421",615,534,"3,206","2,719","20,458","9,475","19,030","13,391",136,201,12,"11,488","1,087","62,491.04 ","50,830.00 ","19,609.00 ",167,"6,881","4,375","1,411",22,2,42,"2,624",274,165
"75042, Garland, TX",75042,"39,906","5,290","4,857","4,796","4,284","19,741","8,847","21,093","18,813",195,254,73,"11,631","1,081","56,714.67 ","46,244.00 ","17,342.00 ","1,623","6,620","4,838","1,841",37,15,52,"2,642",251,"1,608"
"75043, Garland, TX",75043,"59,832","3,864","3,906","13,381","13,492","34,505","23,449","17,510","42,322",243,232,60,"10,560","1,001","75,162.63 ","63,687.00 ","27,413.00 ","1,125","13,848","4,438","1,391",49,15,58,"2,705",220,"1,110"
"75044, Garland, TX",75044,"43,990","7,937","8,194","6,032","6,143","25,570","19,788","8,594","35,396",115,93,45,"5,207",553,"92,518.52 ","74,952.00 ","34,588.00 ","2,439","10,510","2,305",685,20,17,24,"1,422",137,"2,422"
"75048, Sachse, TX",75048,"20,314","2,385","2,606","1,955","2,118","14,321","11,930","3,045","17,269",34,46,22,"1,894",271,"107,026.52 ","95,755.00 ","35,169.00 ",626,"5,041",747,210,6,3,9,475,44,623
"75050, Grand Prairie, TX",75050,"42,664","1,253","1,158","5,979","5,473","25,814","12,851","22,157","20,507",209,187,32,"13,379",820,"65,278.21 ","51,707.00 ","24,056.00 ",457,"9,786","5,910","2,043",36,6,45,"3,567",213,451
"75051, Grand Prairie, TX",75051,"42,155","1,313","1,115","6,715","5,643","23,436","8,864","25,685","16,470",321,274,49,"15,586","1,073","55,923.68 ","43,900.00 ","17,649.00 ",373,"7,728","6,351","2,070",53,6,70,"3,901",251,367
"75052, Grand Prairie, TX",75052,"92,663","9,703","9,421","24,843","23,967","43,778","24,649","32,391","60,272",593,333,170,"19,551","1,514","89,859.46 ","75,238.00 ","29,007.00 ","2,577","15,205","8,161","2,598",117,16,86,"5,045",299,"2,561"
"75054, Grand Prairie, TX",75054,"6,618",775,784,"1,948","1,993","3,233","2,344","1,283","5,335",24,8,18,785,105,"117,718.05 ","105,451.00 ","35,860.00 ",208,"1,051",304,85,5,3,1,192,18,205
"75056, The Colony, TX",75056,"53,688","5,783","5,875","4,440","4,439","37,669","30,380","10,731","42,957",110,141,52,"6,981",445,"113,906.05 ","91,220.00 ","40,192.00 ","1,658","14,155","2,660",682,23,13,30,"1,786",126,"1,645"
"75057, Lewisville, TX",75057,"14,303",466,435,"1,495","1,379","9,656","5,741","6,139","8,164",51,67,11,"4,028",249,"65,485.66 ","55,196.00 ","24,608.00 ",181,"3,879","1,459",395,11,2,13,971,67,179
"75060, Irving, TX",75060,"48,469","2,874","2,543","3,089","2,630","30,649","14,102","28,024","20,445",184,382,64,"17,212","1,333","65,166.64 ","52,207.00 ","20,196.00 ",842,"10,216","6,732","2,163",40,15,75,"4,138",301,827
"75061, Irving, TX",75061,"53,296","1,750","1,408","4,910","3,842","30,877","12,216","34,848","18,448",331,330,72,"19,857","1,532","58,104.60 ","43,438.00 ","19,468.00 ",570,"10,672","9,143","3,469",66,13,71,"5,106",418,557
"75062, Irving, TX",75062,"46,205","4,064","3,910","5,784","5,368","26,721","15,111","20,544","25,661",285,202,59,"11,867","1,060","72,426.11 ","53,486.00 ","25,976.00 ","1,345","10,255","5,476","1,931",65,10,51,"3,152",267,"1,335"
"75063, Irving, TX",75063,"37,055","13,645","13,908","5,661","5,684","15,228","11,633","4,615","32,440",101,34,41,"3,141",319,"106,477.56 ","77,043.00 ","47,456.00 ","4,688","7,975","1,842",416,36,14,17,"1,241",118,"4,674"
"75065, Lake Dallas, TX",75065,"11,166",239,265,534,585,"9,421","7,999","1,881","9,285",11,34,2,"1,286",63,"99,341.53 ","82,470.00 ","35,956.00 ",68,"3,557",444,101,0,1,7,317,18,67
"75067, Lewisville, TX",75067,"67,420","6,251","6,141","8,989","8,652","40,748","30,093","19,831","47,589",238,175,39,"10,856",662,"76,386.88 ","62,898.00 ","30,633.00 ","1,950","17,737","5,317","1,898",61,13,44,"3,058",243,"1,937"
"75068, Little Elm, TX",75068,"38,488","1,304","1,306","5,491","5,476","26,951","21,082","8,949","29,539",106,80,20,"5,728",422,"96,967.60 ","87,213.00 ","31,259.00 ",362,"9,163","2,107",559,14,7,17,"1,407",103,355
"75069, Mckinney, TX",75069,"35,273",740,649,"4,049","3,548","23,857","17,757","12,555","22,718",180,293,32,"6,549",710,"80,823.64 ","52,374.00 ","29,458.00 ",242,"9,402","2,954","1,265",64,30,71,"1,365",159,212
"75070, Mckinney, TX",75070,"84,415","5,046","5,135","8,137","8,237","66,291","59,216","9,221","75,194",143,58,62,"6,604",705,"125,361.01 ","109,040.00 ","43,182.00 ","1,526","23,542","2,429",559,44,17,19,"1,660",130,"1,509"
"75071, Mckinney, TX",75071,"37,476","1,395","1,368","4,985","4,877","27,786","23,730","6,261","31,215",116,80,29,"4,045",415,"110,257.32 ","91,466.00 ","35,872.00 ",398,"9,387","1,492",437,30,16,22,910,77,382
"75074, Plano, TX",75074,"48,868","4,635","4,349","6,276","5,733","29,645","19,350","17,985","30,883",210,156,33,"10,965",981,"80,360.88 ","62,618.00 ","27,541.00 ","1,510","10,907","4,206","1,489",75,33,50,"2,317",237,"1,477"
"75075, Plano, TX",75075,"38,374","4,137","4,138","2,513","2,446","27,954","24,677","6,132","32,242",86,57,31,"3,219",312,"101,412.52 ","83,794.00 ","40,563.00 ","1,537","11,785","1,639",672,35,16,19,832,65,"1,521"
"75077, Lewisville, TX",75077,"39,170","1,948","2,082","2,624","2,779","32,559","29,179","3,916","35,254",50,79,19,"2,933",163,"126,474.22 ","106,143.00 ","45,531.00 ",525,"12,099",992,160,8,6,18,762,38,519
"75078, Prosper, TX",75078,"11,775",272,284,680,695,"10,114","9,110","1,326","10,449",22,11,3,933,73,"133,154.49 ","118,250.00 ","42,192.00 ",76,"3,270",319,89,3,2,2,216,7,74
"75080, Richardson, TX",75080,"47,600","4,181","4,414","3,109","3,180","35,354","29,003","9,735","37,865",132,105,49,"5,785",574,"88,560.05 ","69,315.00 ","36,431.00 ","1,703","15,188","2,430",751,26,11,21,"1,478",143,"1,692"
"75081, Richardson, TX",75081,"34,645","6,365","6,685","4,747","4,891","20,271","15,918","5,996","28,649",103,60,19,"3,709",425,"89,765.47 ","73,212.00 ","34,478.00 ","2,073","8,583","1,595",441,26,7,13,"1,025",83,"2,066"
"75082, Richardson, TX",75082,"22,379","6,489","6,555","1,646","1,633","13,159","11,892","1,624","20,755",32,15,8,"1,166",133,"145,677.91 ","120,457.00 ","52,463.00 ","1,895","5,242",469,96,11,3,6,331,22,"1,892"
"75087, Rockwall, TX",75087,"31,690",753,932,"1,328","1,629","27,971","24,809","3,450","28,240",47,32,20,"2,428",161,"110,785.83 ","93,203.00 ","39,641.00 ",246,"10,066",933,209,17,14,12,647,34,232
"75088, Rowlett, TX",75088,"27,220","1,403","1,598","3,198","3,635","20,377","16,584","4,594","22,626",61,61,24,"2,965",251,"108,280.69 ","90,127.00 ","36,722.00 ",380,"7,229","1,143",319,13,6,17,742,46,374
"75089, Rowlett, TX",75089,"30,651","2,710","2,961","4,983","5,426","20,476","15,788","5,546","25,105",85,40,37,"3,781",368,"112,627.63 ","97,385.00 ","35,673.00 ",719,"6,866","1,311",320,12,6,11,914,48,713
"75093, Plano, TX",75093,"50,899","9,010","9,147","3,324","3,312","36,000","33,093","3,852","47,047",72,34,29,"2,654",321,"149,219.00 ","108,349.00 ","60,369.00 ","3,080","15,170","1,252",300,28,13,8,836,67,"3,067"
"75094, Plano, TX",75094,"23,178","6,703","6,755","2,750","2,735","12,502","11,110","1,757","21,421",39,9,8,"1,301",141,"142,167.20 ","125,452.00 ","40,446.00 ","1,671","3,918",403,81,6,2,2,295,17,"1,669"
"75098, Wylie, TX",75098,"55,332","3,404","3,419","6,551","6,480","40,139","34,292","9,459","45,873",158,116,30,"5,693",662,"103,293.70 ","90,769.00 ","33,344.00 ",934,"13,577","2,314",791,43,19,37,"1,307",117,915
"75101, Bardwell, TX",75101,712,1,0,76,61,503,347,297,415,2,2,1,171,13,"58,260.00 ","44,706.00 ","18,574.00 ",1,175,72,23,1,0,0,47,1,1
"75104, Cedar Hill, TX",75104,"46,514","1,045","1,027","24,893","24,672","15,786","10,426","9,371","37,143",282,74,21,"5,294",565,"93,582.54 ","78,573.00 ","32,177.00 ",310,"5,979","2,332",775,52,4,15,"1,391",95,306
"75114, Crandall, TX",75114,"5,020",37,42,332,374,"4,334","3,909",572,"4,448",7,5,1,353,25,"89,347.86 ","79,451.00 ","29,261.00 ",7,"1,436",114,39,1,0,2,68,4,7
"75115, Desoto, TX",75115,"55,805",564,543,"38,199","37,811","12,700","8,236","8,313","47,492",405,107,21,"4,447",470,"88,357.78 ","69,674.00 ","31,996.00 ",174,"5,053","2,028",680,69,2,24,"1,165",88,172
"75116, Duncanville, TX",75116,"19,997",396,372,"5,361","5,152","10,276","5,704","8,420","11,577",71,97,14,"4,729",299,"70,749.06 ","58,264.00 ","24,212.00 ",113,"3,722","1,968",744,12,2,21,"1,126",63,111
"75125, Ferris, TX",75125,"6,196",11,5,744,608,"4,411","2,749","2,732","3,464",43,24,5,"1,771",72,"66,480.11 ","52,688.00 ","20,841.00 ",5,"1,442",622,178,3,0,6,419,16,5
"75126, Forney, TX",75126,"35,717",525,532,"3,556","3,716","28,988","24,778","5,782","29,935",79,58,27,"3,878",282,"106,043.50 ","94,613.00 ","33,480.00 ",100,"9,334","1,206",335,11,7,11,807,35,93
"75132, Fate, TX",75132,544,4,5,41,51,451,366,105,439,2,1,0,68,3,"75,104.29 ","68,421.00 ","26,784.00 ",2,163,28,9,1,0,1,16,1,2
"75134, Lancaster, TX",75134,"21,716",96,83,"15,791","15,453","3,614","1,747","4,124","17,592",141,48,12,"2,068",230,"66,908.90 ","59,382.00 ","22,815.00 ",29,"1,201",968,388,22,3,11,505,39,26
"75135, Caddo Mills, TX",75135,"5,959",28,21,181,139,"5,280","4,906",826,"5,133",6,13,2,432,47,"74,659.02 ","65,275.00 ","25,702.00 ",4,"1,874",197,72,1,0,3,115,6,4
"75137, Duncanville, TX",75137,"18,501",342,327,"7,258","7,172","8,494","5,433","5,253","13,248",101,60,16,"3,044",299,"90,894.03 ","71,212.00 ","33,029.00 ",106,"3,231","1,238",392,17,2,14,743,70,104
"75141, Hutchins, TX",75141,"5,481",18,15,"2,231","2,112","2,400","1,233","2,060","3,421",48,33,3,"1,240",101,"53,776.84 ","41,639.00 ","14,729.00 ",2,470,354,122,4,1,4,204,19,1
"75142, Kaufman, TX",75142,"20,407",137,143,"1,130","1,143","16,540","13,798","4,820","15,587",47,48,2,"2,647",239,"73,677.58 ","60,485.00 ","25,278.00 ",25,"5,810",982,392,10,1,10,533,36,24
"75146, Lancaster, TX",75146,"18,654",73,57,"11,933","11,828","4,841","3,168","3,256","15,398",104,38,16,"1,674",139,"75,164.51 ","65,326.00 ","26,805.00 ",21,"1,924",770,306,17,4,7,414,22,17
"75149, Mesquite, TX",75149,"61,712","1,876","1,873","14,137","14,256","36,049","22,902","21,089","40,623",259,225,53,"12,676","1,066","65,646.03 ","53,025.00 ","22,132.00 ",529,"12,913","5,244","1,738",47,9,46,"3,170",234,520
"75150, Mesquite, TX",75150,"62,074","2,459","2,434","11,739","11,723","37,140","23,832","22,562","39,512",261,355,76,"12,980","1,155","66,903.98 ","53,443.00 ","24,878.00 ",788,"14,532","5,951","2,100",55,15,79,"3,438",264,773
"75152, Palmer, TX",75152,"5,026",14,13,182,183,"4,209","3,178","1,560","3,466",7,15,2,"1,018",66,"91,487.74 ","68,592.00 ","29,486.00 ",2,"1,424",353,103,1,0,4,233,12,2
"75154, Red Oak, TX",75154,"38,232",216,186,"8,885","8,888","25,129","19,746","8,629","29,603",126,87,33,"5,240",381,"90,008.80 ","75,048.00 ","29,964.00 ",56,"8,698","2,096",662,19,6,17,"1,326",66,50
"75157, Rosser, TX",75157,0,0,0,0,0,0,0,0,0,0,0,0,0,0,0.00 ,0.00 ,0.00 ,0,0,0,0,0,0,0,0,0,0
"75158, Scurry, TX",75158,"5,212",40,51,143,185,"4,792","4,425",409,"4,803",2,4,1,278,12,"81,598.15 ","63,366.00 ","28,463.00 ",7,"1,684",90,28,0,0,1,57,4,7
"75159, Seagoville, TX",75159,"18,454",95,99,"2,535","2,627","13,148","9,252","6,013","12,441",73,58,2,"3,696",276,"61,058.98 ","49,290.00 ","19,807.00 ",23,"4,176","1,274",423,11,1,12,768,59,22
"75160, Terrell, TX",75160,"24,780",269,264,"4,877","4,818","16,332","13,385","5,755","19,025",53,75,5,"2,954",259,"67,712.30 ","53,707.00 ","24,163.00 ",59,"6,018","1,250",520,14,1,11,657,47,58
"75161, Terrell, TX",75161,"6,074",23,24,429,469,"4,959","4,414",964,"5,110",5,25,1,479,50,"70,916.43 ","60,657.00 ","25,818.00 ",6,"1,865",200,86,1,0,4,101,8,6
"75164, Josephine, TX",75164,0,0,0,0,0,0,0,0,0,0,0,0,0,0,0.00 ,0.00 ,0.00 ,0,0,0,0,0,0,0,0,0,0
"75165, Waxahachie, TX",75165,"39,056",176,154,"4,473","4,611","30,785","24,401","9,089","29,967",137,77,31,"6,053",384,"81,366.97 ","68,221.00 ","29,217.00 ",48,"11,281","2,279",614,19,3,22,"1,538",83,45
"75166, Lavon, TX",75166,"3,570",54,53,175,188,"3,101","2,745",495,"3,075",1,4,5,331,21,"109,534.60 ","85,520.00 ","36,891.00 ",12,"1,077",126,36,1,2,1,81,4,10
"75167, Waxahachie, TX",75167,"10,197",57,60,493,560,"8,823","7,325","2,053","8,144",20,14,6,"1,371",89,"102,086.47 ","83,893.00 ","32,526.00 ",8,"2,857",473,127,2,0,4,318,22,8
"75172, Wilmer, TX",75172,"3,817",19,17,768,690,"1,929",851,"2,174","1,643",22,16,1,"1,142",128,"53,061.93 ","43,349.00 ","17,876.00 ",8,662,546,227,5,0,2,288,24,8
"75173, Nevada, TX",75173,"4,553",41,43,92,101,"4,063","3,616",654,"3,899",2,13,3,417,24,"88,589.08 ","78,295.00 ","30,081.00 ",13,"1,404",140,50,2,1,5,77,4,12
"75180, Balch Springs, TX",75180,"24,364",223,199,"6,084","5,636","12,367","6,069","11,920","12,444",165,230,14,"6,619",548,"52,508.04 ","43,527.00 ","16,044.00 ",63,"3,894","2,797","1,067",26,1,48,"1,539",116,62
"75181, Mesquite, TX",75181,"27,420","1,441","1,448","8,814","8,859","13,922","9,070","7,306","20,114",123,99,20,"4,643",359,"97,262.76 ","89,131.00 ","29,496.00 ",397,"4,466","1,724",491,18,4,20,"1,120",71,393
"75182, Sunnyvale, TX",75182,"5,418",821,887,591,620,"3,661","3,010",752,"4,666",18,10,2,525,43,"111,880.21 ","93,562.00 ","38,507.00 ",212,"1,351",193,46,4,0,2,135,6,212
"75189, Royse City, TX",75189,"24,804",230,274,"1,148","1,333","20,938","17,493","5,007","19,797",48,60,4,"3,041",239,"87,020.10 ","79,981.00 ","28,193.00 ",59,"6,979","1,186",374,22,4,23,704,48,55
"75201, Dallas, TX",75201,"8,409",385,419,"1,141","1,236","6,415","5,561",937,"7,472",20,15,5,676,44,"106,797.86 ","84,647.00 ","71,758.00 ",261,"4,388",555,102,9,1,5,417,21,260
"75202, Dallas, TX",75202,"2,152",72,77,360,379,"1,515","1,172",455,"1,697",5,3,0,310,25,"91,762.42 ","81,786.00 ","57,497.00 ",44,998,197,42,1,0,0,144,10,44
"75203, Dallas, TX",75203,"16,874",58,40,"5,887","5,278","5,264",887,"10,476","6,398",288,129,16,"4,712",497,"46,412.46 ","34,282.00 ","16,183.00 ",30,"1,626","2,873","1,351",71,7,34,"1,250",160,23
"75204, Dallas, TX",75204,"26,551","1,648","1,642","3,939","3,853","17,055","12,631","7,810","18,741",120,66,21,"4,369",388,"90,752.54 ","67,330.00 ","50,595.00 ",871,"10,471","2,797",910,33,12,25,"1,686",131,859
"75205, Dallas, TX",75205,"22,699",836,"1,014",342,400,"20,713","19,366","1,421","21,278",14,15,4,"1,004",88,"202,289.54 ","121,305.00 ","81,517.00 ",283,"8,443",487,114,3,3,4,343,20,280
"75206, Dallas, TX",75206,"38,622","2,313","2,588","2,477","2,692","28,866","21,309","10,939","27,683",106,100,33,"6,798",436,"82,896.09 ","60,868.00 ","45,831.00 ","1,266","16,604","4,221","1,264",38,13,40,"2,700",166,"1,253"
"75207, Dallas, TX",75207,"8,518",62,62,"4,134","4,138","4,231","2,641","1,641","6,877",14,0,0,"1,572",6,"79,932.33 ","78,333.00 ","14,494.00 ",23,339,70,20,1,0,0,49,0,23
"75208, Dallas, TX",75208,"29,634",202,131,"1,423",895,"19,740","5,874","22,234","7,400",125,190,12,"14,555",839,"73,059.73 ","46,766.00 ","24,029.00 ",62,"6,687","5,643","1,636",27,2,45,"3,697",236,60
"75209, Dallas, TX",75209,"15,949",441,437,"2,727","2,706","10,809","8,402","4,136","11,813",34,40,6,"2,391",183,"139,064.09 ","83,235.00 ","62,665.00 ",205,"5,213","1,217",384,9,2,7,752,63,203
"75210, Dallas, TX",75210,"8,009",24,14,"5,788","5,590",846,94,"2,276","5,733",140,39,10,810,121,"26,352.64 ","16,881.00 ","9,532.00 ",6,214,557,298,40,2,8,183,26,4
"75211, Dallas, TX",75211,"75,216",775,395,"5,614","3,310","44,044","4,989","65,473","9,743",489,519,164,"41,662","2,354","49,232.86 ","39,623.00 ","13,807.00 ",210,"12,206","15,920","4,780",61,22,107,"10,331",619,188
"75212, Dallas, TX",75212,"26,232",326,254,"8,237","7,177","10,086",448,"18,171","8,061",661,147,58,"10,061",931,"38,955.73 ","29,669.00 ","10,743.00 ",104,"2,414","4,328","1,515",142,15,31,"2,393",232,89
"75214, Dallas, TX",75214,"34,963",720,807,"1,858","2,058","28,327","23,185","8,040","26,923",69,86,18,"4,654",385,"113,577.14 ","74,359.00 ","52,796.00 ",306,"13,613","2,591",870,22,8,21,"1,560",110,298
"75215, Dallas, TX",75215,"14,834",53,47,"11,911","11,733","1,738",927,"1,931","12,903",136,39,6,854,131,"48,070.49 ","29,828.00 ","20,719.00 ",25,763,502,207,30,2,7,225,31,23
"75216, Dallas, TX",75216,"49,880",92,30,"33,698","32,158","7,118",964,"16,500","33,380",982,147,61,"6,717",820,"39,590.51 ","28,218.00 ","13,899.00 ",21,"1,574","3,492","1,616",210,11,37,"1,426",192,10
"75217, Dallas, TX",75217,"84,522",229,125,"24,844","21,193","32,610","6,124","56,169","28,353",682,571,86,"29,600","2,310","49,892.29 ","38,631.00 ","13,396.00 ",51,"8,301","12,103","4,987",127,11,117,"6,330",531,40
"75218, Dallas, TX",75218,"24,778",428,439,"2,272","2,468","18,950","15,090","6,198","18,580",72,62,37,"3,481",278,"93,187.11 ","69,200.00 ","42,843.00 ",167,"9,184","1,895",661,20,8,18,"1,103",85,159
"75219, Dallas, TX",75219,"24,509","1,432","1,409","2,589","2,539","16,807","11,725","8,331","16,178",94,61,47,"5,005",334,"100,889.62 ","70,853.00 ","54,004.00 ",686,"9,851","2,898",897,26,12,22,"1,812",129,674
"75220, Dallas, TX",75220,"43,485",347,203,"1,598",775,"24,650","6,130","35,922","7,563",446,356,46,"19,217","1,437","70,017.25 ","39,564.00 ","22,155.00 ",136,"8,152","9,996","4,069",146,10,84,"5,268",419,126
"75223, Dallas, TX",75223,"14,919",155,105,"2,030","1,586","7,237","2,062","10,939","3,980",126,82,29,"5,560",481,"57,651.06 ","39,071.00 ","17,650.00 ",50,"2,293","2,582","1,095",17,3,12,"1,345",110,47
"75224, Dallas, TX",75224,"36,036",611,536,"11,103","9,938","14,846","3,195","21,917","14,119",319,145,29,"12,581",875,"51,336.57 ","38,862.00 ","15,844.00 ",164,"4,091","5,004","1,812",57,4,37,"2,899",195,160
"75225, Dallas, TX",75225,"22,917",525,600,158,179,"21,859","21,068",795,"22,122",2,10,1,656,48,"212,887.27 ","154,058.00 ","86,652.00 ",183,"8,939",269,28,0,0,2,229,10,183
"75226, Dallas, TX",75226,"3,605",156,150,633,613,"1,821","1,017","1,746","1,859",6,7,3,822,93,"57,605.15 ","45,769.00 ","28,937.00 ",70,920,570,266,3,2,3,273,23,68
"75227, Dallas, TX",75227,"54,835",474,379,"17,490","15,332","21,114","4,689","33,812","21,023",338,260,50,"18,363","1,424","52,123.93 ","41,933.00 ","15,754.00 ",135,"5,992","7,797","3,139",63,11,55,"4,191",338,124
"75228, Dallas, TX",75228,"70,212","2,133","1,925","16,575","15,111","34,980","15,852","36,084","34,128",441,320,78,"20,365","1,669","53,849.28 ","42,025.00 ","19,174.00 ",612,"13,184","9,044","3,288",91,15,78,"5,165",407,597
"75229, Dallas, TX",75229,"33,720",949,907,"1,306","1,165","26,508","16,450","14,577","19,143",165,125,62,"10,000",575,"120,941.27 ","82,529.00 ","43,190.00 ",341,"9,923","3,726",912,36,17,32,"2,570",159,324
"75230, Dallas, TX",75230,"27,954","1,086","1,101","2,199","2,195","22,157","18,756","5,314","22,640",61,142,14,"3,300",173,"141,760.48 ","78,159.00 ","65,074.00 ",426,"10,359","1,866",563,18,8,43,"1,174",60,418
"75231, Dallas, TX",75231,"39,081","2,901","2,665","9,363","8,604","17,389","9,734","17,325","21,756",191,165,60,"8,448",809,"66,208.11 ","37,298.00 ","25,983.00 ",824,"7,357","5,139","2,254",54,15,49,"2,507",260,809
"75232, Dallas, TX",75232,"29,374",49,24,"20,825","20,142","4,206","1,206","7,742","21,632",230,82,24,"3,460",433,"60,624.94 ","47,277.00 ","20,892.00 ",14,"1,273","1,713",776,52,3,19,778,85,11
"75233, Dallas, TX",75233,"15,218",88,38,"5,563","5,020","5,817","1,246","8,770","6,448",143,77,47,"4,985",412,"60,723.73 ","46,048.00 ","19,840.00 ",24,"1,723","2,039",710,34,8,19,"1,167",101,16
"75234, Dallas, TX",75234,"30,899","1,115","1,020","1,299","1,116","22,418","11,286","16,798","14,101",106,144,24,"11,327",629,"84,580.24 ","63,157.00 ","29,380.00 ",411,"8,343","3,983","1,056",24,4,31,"2,710",158,407
"75235, Dallas, TX",75235,"16,402",997,869,"2,015","1,752","9,735","2,804","10,668","5,734",77,57,36,"7,241",420,"61,916.63 ","48,277.00 ","23,774.00 ",536,"3,637","2,981",778,16,8,23,"2,023",133,528
"75236, Dallas, TX",75236,"18,897",644,590,"8,055","7,517","6,681","2,709","7,850","11,047",170,70,25,"4,381",424,"56,665.53 ","46,736.00 ","19,168.00 ",167,"1,862","1,947",688,32,5,15,"1,111",96,162
"75237, Dallas, TX",75237,"16,286",99,87,"13,312","13,052","1,495",531,"2,397","13,889",138,30,11,"1,089",196,"42,535.06 ","35,389.00 ","18,744.00 ",39,604,708,270,44,4,6,334,50,35
"75238, Dallas, TX",75238,"32,303","1,032","1,015","5,639","5,596","20,701","15,282","9,818","22,485",140,96,34,"5,295",506,"90,951.96 ","62,971.00 ","36,253.00 ",328,"8,491","3,036","1,230",31,10,23,"1,613",129,318
"75240, Dallas, TX",75240,"27,692","1,109",972,"3,417","2,877","14,420","6,583","16,864","10,828",213,243,27,"8,319",768,"68,492.01 ","44,670.00 ","25,868.00 ",476,"5,875","4,755","2,111",48,6,57,"2,311",222,470
"75241, Dallas, TX",75241,"28,820",60,40,"25,484","25,096","1,445",474,"3,004","25,816",198,47,20,"1,162",166,"48,305.53 ","34,931.00 ","16,838.00 ",20,389,679,327,36,5,12,261,38,15
"75243, Dallas, TX",75243,"56,322","4,413","4,258","22,804","22,221","21,009","13,667","14,929","41,393",307,140,102,"7,686",777,"65,269.14 ","44,672.00 ","28,055.00 ","1,749","9,310","4,735","1,890",91,25,33,"2,446",250,"1,724"
"75244, Dallas, TX",75244,"14,496",918,"1,005","1,344","1,412","10,198","7,600","4,058","10,438",59,17,3,"2,343",196,"111,988.87 ","78,440.00 ","47,772.00 ",401,"4,583","1,188",403,10,1,7,719,48,400
"75246, Dallas, TX",75246,"2,944",121,114,482,444,"1,618",845,"1,473","1,471",17,9,2,803,61,"60,661.26 ","50,093.00 ","27,841.00 ",49,790,449,176,3,1,3,246,20,48
"75247, Dallas, TX",75247,177,2,1,97,93,54,24,57,120,0,1,1,34,3,"35,709.15 ","29,000.00 ","15,464.00 ",1,24,14,4,0,0,0,9,1,1
"75248, Dallas, TX",75248,"33,177","1,817","2,016","2,639","2,912","26,347","22,941","4,460","28,717",54,66,27,"2,758",237,"117,773.55 ","86,997.00 ","54,708.00 ",779,"12,443","1,554",453,16,9,15,991,70,770
"75249, Dallas, TX",75249,"14,518",432,411,"7,207","6,967","4,701","2,323","4,551","9,967",75,56,11,"2,559",238,"78,725.34 ","69,650.00 ","25,774.00 ",137,"1,472","1,108",402,14,2,14,624,52,135
"75251, Dallas, TX",75251,"2,802",283,316,339,373,"1,960","1,625",397,"2,405",7,0,2,248,25,"96,053.86 ","67,654.00 ","59,339.00 ",150,"1,274",213,52,3,1,0,148,9,149
"75252, Dallas, TX",75252,"24,914","3,323","3,278","2,821","2,720","16,803","14,491","3,773","21,141",74,23,12,"2,378",208,"100,747.61 ","69,838.00 ","49,956.00 ","1,550","8,319","1,520",476,38,12,19,877,94,"1,538"
"75253, Dallas, TX",75253,"19,517",88,76,"2,835","2,525","11,896","5,520","10,992","8,525",103,179,6,"6,622",521,"53,387.11 ","40,344.00 ","15,629.00 ",22,"3,608","2,542",836,19,1,36,"1,526",124,21
"75254, Dallas, TX",75254,"24,290","1,408","1,368","5,047","4,877","13,341","8,649","8,801","15,489",116,88,25,"4,768",418,"76,084.11 ","55,098.00 ","37,573.00 ",744,"6,717","3,071","1,183",39,10,21,"1,691",127,734
"75270, Dallas, TX",75270,0,0,0,0,0,0,0,0,0,0,0,0,0,0,0.00 ,0.00 ,0.00 ,0,0,0,0,0,0,0,0,0,0
"75287, Dallas, TX",75287,"56,740","4,561","4,470","14,211","13,765","30,531","24,531","11,915","44,825",288,125,40,"6,232",657,"79,631.76 ","56,629.00 ","41,508.00 ","2,013","16,816","4,710","1,776",102,22,42,"2,481",287,"1,991"
"75390, Dallas, TX",75390,0,0,0,0,0,0,0,0,0,0,0,0,0,0,0.00 ,0.00 ,0.00 ,0,0,0,0,0,0,0,0,0,0
"75401, Greenville, TX",75401,"18,529",196,166,"3,583","3,357","11,098","8,999","5,729","12,800",93,102,23,"2,250",337,"47,172.30 ","33,982.00 ","17,506.00 ",37,"4,395","1,486",700,16,5,20,679,66,32
"75402, Greenville, TX",75402,"15,572",279,241,"1,029",889,"13,503","12,902","1,303","14,269",19,30,5,788,104,"81,012.10 ","67,152.00 ","32,700.00 ",61,"5,587",367,100,5,1,3,249,9,60
"75407, Princeton, TX",75407,"16,430",216,205,611,587,"13,643","11,586","3,630","12,800",27,50,12,"2,050",229,"78,775.85 ","64,289.00 ","26,879.00 ",54,"4,887",818,326,16,7,16,418,35,47
"75409, Anna, TX",75409,"13,353",149,148,904,880,"10,900","9,445","2,437","10,916",38,26,3,"1,432",132,"83,997.51 ","72,067.00 ","27,555.00 ",37,"3,723",542,213,11,3,9,285,21,34
"75422, Campbell, TX",75422,"2,571",23,17,33,24,"2,360","2,290",190,"2,381",1,0,1,100,18,"77,905.75 ","70,172.00 ","29,276.00 ",3,900,45,20,1,0,0,22,2,3
"75442, Farmersville, TX",75442,"9,674",63,58,441,445,"8,344","7,229","1,666","8,008",12,44,7,"1,087",82,"74,378.44 ","60,900.00 ","26,020.00 ",16,"3,004",390,120,5,3,10,234,18,13
"75454, Melissa, TX",75454,"6,456",48,50,288,305,"5,561","5,026",887,"5,569",6,8,2,494,75,"103,166.81 ","87,356.00 ","34,347.00 ",18,"1,901",212,79,5,2,1,112,13,16
"75474, Quinlan, TX",75474,"15,269",102,79,156,122,"13,875","13,306","1,462","13,807",2,23,3,699,107,"66,544.45 ","51,396.00 ","25,131.00 ",16,"5,355",367,146,1,1,6,188,25,15
"76001, Arlington, TX",76001,"30,703","1,892","1,996","6,306","6,627","19,927","15,576","5,585","25,118",123,52,30,"3,712",308,"98,780.94 ","84,468.00 ","32,558.00 ",527,"6,869","1,369",340,32,10,11,924,52,517
"76002, Arlington, TX",76002,"33,151","3,799","3,787","11,112","11,050","14,470","9,462","7,893","25,258",192,114,57,"4,822",439,"103,445.15 ","93,296.00 ","30,520.00 ",939,"4,665","1,868",560,39,7,19,"1,167",76,932
"76006, Arlington, TX",76006,"24,114","1,558","1,572","7,042","7,158","13,012","10,072","4,556","19,558",171,58,49,"2,560",274,"73,877.41 ","52,120.00 ","37,632.00 ",655,"6,914","1,829",605,60,15,18,"1,016",115,640
"76008, Aledo, TX",76008,"15,038",188,264,117,166,"14,277","13,213","1,082","13,956",3,18,7,832,43,"128,793.32 ","111,890.00 ","43,997.00 ",46,"4,925",259,37,1,2,4,204,11,44
"76009, Alvarado, TX",76009,"21,275",152,133,530,479,"17,996","14,536","5,617","15,658",20,70,10,"3,534",227,"70,926.42 ","58,259.00 ","23,689.00 ",55,"6,103","1,281",434,5,3,15,792,32,52
"76010, Arlington, TX",76010,"57,813","3,216","2,730","8,778","7,389","29,887","11,651","35,076","22,737",445,499,138,"19,651","1,467","45,287.87 ","36,075.00 ","14,565.00 ","1,143","9,754","8,764","3,340",86,18,111,"4,784",425,"1,125"
"76011, Arlington, TX",76011,"21,976",756,698,"5,088","4,755","11,762","6,279","9,720","12,256",165,94,33,"5,694",435,"59,473.08 ","41,217.00 ","24,710.00 ",317,"5,030","2,814",989,55,5,23,"1,600",142,312
"76012, Arlington, TX",76012,"27,460","1,028","1,088","3,485","3,681","20,158","16,238","5,708","21,752",117,81,33,"3,450",279,"88,748.08 ","68,549.00 ","34,957.00 ",353,"8,307","1,541",485,30,8,12,939,67,345
"76013, Arlington, TX",76013,"32,931","2,485","2,740","3,579","3,855","24,486","20,778","4,596","28,335",117,50,24,"2,938",309,"73,342.94 ","54,300.00 ","31,738.00 ",986,"10,860","1,387",371,34,6,16,893,67,980
"76014, Arlington, TX",76014,"36,069","4,245","4,061","9,856","9,293","15,500","7,956","14,007","22,062",273,188,58,"7,983",537,"57,287.47 ","47,273.00 ","18,557.00 ","1,183","5,324","3,394","1,231",51,8,33,"1,930",141,"1,175"
"76015, Arlington, TX",76015,"17,546","1,061","1,109","2,959","3,046","11,631","8,958","3,999","13,547",106,43,23,"2,381",191,"74,029.30 ","57,459.00 ","29,842.00 ",396,"4,977","1,064",325,27,7,8,648,49,389
"76016, Arlington, TX",76016,"33,089","1,967","2,259","2,639","2,975","26,707","23,549","3,297","29,792",62,23,11,"2,321",212,"117,097.31 ","91,123.00 ","43,768.00 ",551,"10,409",882,180,10,3,7,647,35,548
"76017, Arlington, TX",76017,"48,918","2,763","2,980","8,665","9,283","33,773","27,510","7,710","41,208",218,61,51,"5,030",442,"90,306.97 ","76,734.00 ","33,883.00 ",806,"13,437","2,161",544,53,6,14,"1,454",90,800
"76018, Arlington, TX",76018,"28,649","3,617","3,541","8,027","7,892","13,198","8,500","8,016","20,633",157,137,86,"4,664",446,"82,818.30 ","73,352.00 ","26,426.00 ",918,"4,684","1,998",632,29,11,30,"1,203",93,907
"76020, Azle, TX",76020,"27,182",198,338,207,319,"25,370","22,856","2,596","24,586",27,32,7,"1,761",139,"82,801.16 ","65,623.00 ","31,625.00 ",40,"9,731",597,158,5,0,10,394,30,40
"76021, Bedford, TX",76021,"36,026","1,993","2,300","2,491","2,810","29,608","25,771","4,172","31,854",76,33,16,"2,982",247,"91,950.94 ","73,160.00 ","41,784.00 ",709,"13,716","1,439",287,21,5,10,"1,055",61,704
"76022, Bedford, TX",76022,"14,670",560,676,"1,229","1,459","11,526","9,517","2,446","12,224",41,37,9,"1,508",154,"77,808.80 ","65,348.00 ","33,219.00 ",193,"5,130",721,204,14,2,8,457,36,191
"76023, Boyd, TX",76023,"5,933",13,27,18,30,"5,524","4,960",613,"5,320",5,21,1,362,33,"77,966.58 ","62,739.00 ","29,173.00 ",2,"2,121",159,52,2,0,5,95,5,2
"76028, Burleson, TX",76028,"62,153",639,808,"1,991","2,529","56,044","49,585","7,562","54,591",49,62,19,"5,296",458,"96,104.17 ","79,721.00 ","33,982.00 ",166,"20,249","1,881",446,8,2,16,"1,354",55,164
"76031, Cleburne, TX",76031,"17,613",280,244,672,568,"14,560","11,316","5,131","12,482",35,46,7,"3,385",239,"65,142.27 ","52,102.00 ","22,386.00 ",60,"5,088","1,215",360,9,3,17,798,28,57
"76033, Cleburne, TX",76033,"25,547",247,239,656,624,"22,276","18,586","5,605","19,942",26,52,6,"3,703",298,"71,891.40 ","59,412.00 ","26,935.00 ",69,"8,525","1,411",398,6,3,16,945,43,66
"76034, Colleyville, TX",76034,"22,557","1,398","1,514",491,528,"19,953","18,738","1,227","21,330",8,6,12,995,68,"197,366.61 ","164,343.00 ","68,812.00 ",397,"7,141",310,37,1,3,2,251,16,394
"76035, Cresson, TX",76035,"1,721",12,19,12,21,"1,605","1,452",177,"1,544",0,3,1,113,8,"109,826.63 ","80,435.00 ","39,247.00 ",3,579,39,13,0,0,1,24,1,3
"76036, Crowley, TX",76036,"23,959",477,532,"3,356","3,851","18,112","14,706","4,201","19,758",70,45,23,"2,665",243,"86,896.10 ","76,064.00 ","30,213.00 ",118,"6,673","1,055",314,14,2,8,679,38,116
"76039, Euless, TX",76039,"36,770","5,010","5,387","3,614","3,825","24,932","19,568","6,740","30,030",116,56,83,"4,469",389,"84,384.28 ","69,724.00 ","36,783.00 ","1,621","11,727","2,251",545,39,11,17,"1,531",108,"1,610"
"76040, Euless, TX",76040,"27,265","3,646","3,785","4,969","5,083","15,723","11,522","5,953","21,312",139,68,50,"3,712",362,"67,977.10 ","55,257.00 ","26,887.00 ","1,015","6,844","1,844",501,47,12,16,"1,171",97,"1,003"
"76041, Forreston, TX",76041,421,2,2,22,24,351,280,108,313,1,1,0,67,6,"78,377.91 ","63,816.00 ","27,240.00 ",1,126,27,8,0,0,0,17,2,1
"76044, Godley, TX",76044,"4,512",14,11,27,31,"4,131","3,739",593,"3,919",5,9,6,338,42,"87,899.75 ","65,773.00 ","30,905.00 ",5,"1,476",147,56,2,2,2,83,2,3
"76048, Granbury, TX",76048,"23,004",136,197,152,192,"21,106","18,846","3,138","19,866",30,50,11,"1,887",118,"68,469.40 ","52,974.00 ","28,842.00 ",45,"8,813",696,236,8,2,15,410,25,43
"76049, Granbury, TX",76049,"25,418",131,203,96,144,"23,995","22,101","2,326","23,092",11,28,11,"1,488",103,"95,952.10 ","71,900.00 ","38,860.00 ",34,"9,834",493,151,1,3,7,307,24,31
"76051, Grapevine, TX",76051,"48,499","2,398","2,760","1,746","1,923","39,752","33,875","8,769","39,730",124,124,71,"4,960",380,"106,677.71 ","84,682.00 ","42,517.00 ",744,"16,500","2,481",846,35,15,28,"1,473",84,729
"76052, Haslet, TX",76052,"16,367",325,457,790,"1,103","14,139","12,062","2,173","14,194",22,28,7,"1,429",167,"111,362.09 ","103,155.00 ","34,993.00 ",87,"4,544",542,146,4,2,7,360,23,85
"76053, Hurst, TX",76053,"31,150","1,148","1,336","2,562","2,913","23,692","17,910","7,874","23,276",108,54,23,"4,936",418,"67,551.07 ","54,668.00 ","26,489.00 ",346,"9,836","2,122",622,22,6,15,"1,356",101,340
"76054, Hurst, TX",76054,"12,533",495,566,327,370,"11,286","10,383",932,"11,601",8,17,7,736,41,"120,902.51 ","105,861.00 ","47,085.00 ",158,"4,450",272,47,3,2,3,211,6,156
"76058, Joshua, TX",76058,"17,722",81,94,191,220,"16,081","14,029","2,919","14,803",8,31,3,"1,923",140,"75,884.85 ","60,280.00 ","25,331.00 ",17,"5,475",682,185,3,0,7,471,16,17
"76059, Keene, TX",76059,"5,044",376,334,269,220,"3,744","2,779","1,597","3,447",25,8,4,"1,039",84,"61,584.44 ","46,333.00 ","20,605.00 ",79,"1,263",440,126,6,1,4,290,13,78
"76060, Kennedale, TX",76060,"7,461",317,388,673,816,"5,991","5,013","1,037","6,424",11,14,2,711,47,"95,421.33 ","82,585.00 ","34,695.00 ",82,"2,250",282,70,3,0,3,193,13,82
"76061, Lillian, TX",76061,4,0,0,0,0,4,3,1,3,0,0,0,1,0,"86,400.00 ","87,500.00 ","21,788.00 ",0,1,0,0,0,0,0,0,0,0
"76063, Mansfield, TX",76063,"65,671","2,492","2,767","9,273","10,324","48,717","39,885","10,836","54,835",164,135,51,"7,072",508,"115,359.36 ","98,538.00 ","37,906.00 ",635,"16,710","2,598",724,28,7,26,"1,725",88,628
"76064, Maypearl, TX",76064,"1,745",5,6,99,123,"1,526","1,284",278,"1,467",1,4,0,206,5,"88,603.27 ","75,556.00 ","28,840.00 ",1,499,62,15,0,0,1,45,1,1
"76065, Midlothian, TX",76065,"31,124",258,295,"1,277","1,507","27,577","24,024","4,556","26,568",66,46,21,"3,054",253,"106,179.57 ","89,087.00 ","35,630.00 ",57,"9,460","1,116",289,12,6,11,753,45,51
"76070, Nemo, TX",76070,603,3,11,3,11,561,500,65,538,1,1,1,30,13,"101,503.86 ","89,352.00 ","38,211.00 ",2,216,14,5,0,0,1,6,2,2
"76071, Newark, TX",76071,"3,784",30,58,25,45,"3,408","2,951",522,"3,262",4,6,3,290,42,"82,056.85 ","63,417.00 ","29,210.00 ",9,"1,253",122,42,2,1,1,69,7,8
"76073, Paradise, TX",76073,"5,959",13,26,22,43,"5,618","5,031",603,"5,356",4,4,2,399,19,"81,093.71 ","70,157.00 ","29,218.00 ",4,"2,057",152,43,0,0,1,104,4,4
"76077, Rainbow, TX",76077,487,4,0,4,0,413,329,134,353,4,2,4,61,10,"76,041.07 ","52,083.00 ","27,909.00 ",1,152,30,13,0,1,1,13,2,0
"76078, Rhome, TX",76078,"9,210",33,46,89,147,"8,139","6,947","1,520","7,690",18,25,11,808,121,"83,363.06 ","71,350.00 ","28,457.00 ",8,"2,878",371,127,4,2,6,196,36,6
"76082, Springtown, TX",76082,"18,306",55,98,94,146,"17,176","15,447","1,845","16,461",16,22,3,"1,255",105,"75,559.78 ","62,414.00 ","26,815.00 ",9,"6,177",403,101,6,1,3,277,15,8
"76084, Venus, TX",76084,"7,953",136,134,358,347,"6,567","5,285","1,983","5,970",12,27,2,"1,281",103,"82,748.59 ","69,565.00 ","25,670.00 ",35,"2,066",406,134,4,1,7,249,11,34
"76085, Weatherford, TX",76085,"11,003",45,77,114,176,"10,182","8,940","1,426","9,577",18,17,3,953,63,"79,873.61 ","64,978.00 ","28,584.00 ",6,"3,669",314,87,2,0,5,210,10,6
"76086, Weatherford, TX",76086,"19,469",185,252,552,739,"17,445","14,934","3,021","16,448",36,39,9,"2,055",140,"63,599.22 ","50,131.00 ","26,276.00 ",47,"7,053",713,196,3,1,8,478,27,46
"76087, Weatherford, TX",76087,"27,135",228,366,218,341,"25,316","22,954","2,745","24,390",14,45,9,"1,786",122,"102,323.45 ","87,115.00 ","37,888.00 ",39,"9,530",635,190,1,1,7,416,20,38
"76088, Weatherford, TX",76088,"13,017",39,43,578,722,"11,546","10,401","1,617","11,400",43,15,7,887,49,"93,171.83 ","76,737.00 ","31,648.00 ",8,"4,148",286,77,0,1,2,197,9,7
"76092, Southlake, TX",76092,"28,536","1,954","2,095",684,717,"24,872","23,215","1,808","26,728",22,18,19,"1,389",87,"221,013.49 ","198,484.00 ","68,078.00 ",506,"7,901",387,63,5,4,3,303,9,502
"76102, Fort Worth, TX",76102,"8,266",154,149,"2,526","2,517","4,948","3,853","1,633","6,633",50,14,7,"1,050",74,"82,542.31 ","53,004.00 ","36,473.00 ",72,"2,206",492,140,7,2,6,315,22,70
"76103, Fort Worth, TX",76103,"15,672",518,464,"3,501","3,285","8,390","4,530","7,119","8,553",111,58,39,"3,989",312,"58,044.93 ","44,802.00 ","20,978.00 ",146,"3,228","1,734",653,16,4,12,965,84,142
"76104, Fort Worth, TX",76104,"17,575",276,219,"8,617","8,107","5,629","2,257","6,781","10,794",227,74,49,"3,670",314,"40,046.77 ","24,745.00 ","15,028.00 ",89,"1,935","1,644",614,50,6,20,887,67,83
"76105, Fort Worth, TX",76105,"24,806",134,89,"10,226","9,286","9,095","1,229","13,999","10,807",291,123,39,"8,536",560,"38,038.66 ","29,598.00 ","11,212.00 ",30,"2,140","3,093","1,001",44,2,20,"1,894",132,28
"76106, Fort Worth, TX",76106,"37,389",133,53,"2,427","1,450","23,559","3,811","31,625","5,764",197,224,51,"20,800","1,165","42,666.19 ","33,359.00 ","11,964.00 ",33,"6,481","7,787","2,266",42,9,57,"5,072",341,24
"76107, Fort Worth, TX",76107,"26,920",468,449,"4,094","4,158","19,693","14,994","6,788","20,132",94,56,36,"4,505",299,"92,207.10 ","58,542.00 ","43,949.00 ",241,"9,876","2,162",527,25,6,18,"1,494",92,235
"76108, Fort Worth, TX",76108,"41,503",933,"1,165","2,565","3,236","34,286","26,933","8,791","32,712",93,111,43,"5,989",440,"83,267.17 ","67,833.00 ","30,939.00 ",290,"13,019","2,297",584,12,4,29,"1,574",94,286
"76109, Fort Worth, TX",76109,"25,739",870,988,"1,311","1,487","22,367","20,097","2,645","23,094",40,28,26,"1,833",140,"106,899.28 ","68,432.00 ","44,391.00 ",324,"9,301",878,215,9,4,14,594,42,320
"76110, Fort Worth, TX",76110,"32,836",756,573,"1,760","1,314","21,685","8,582","21,873","10,963",137,239,48,"13,664",792,"63,041.16 ","42,851.00 ","20,360.00 ",244,"7,431","5,442","1,745",24,8,38,"3,424",203,236
"76111, Fort Worth, TX",76111,"22,764","1,087",871,"1,131",884,"14,224","5,362","15,323","7,441",75,134,46,"9,267",570,"59,776.95 ","46,629.00 ","18,279.00 ",309,"4,658","3,561","1,232",14,5,23,"2,121",166,304
"76112, Fort Worth, TX",76112,"40,577","1,026",978,"19,858","19,579","15,625","9,840","9,363","31,214",317,65,50,"5,744",505,"61,304.43 ","44,548.00 ","24,544.00 ",306,"6,829","2,635",732,82,5,16,"1,667",133,301
"76114, Fort Worth, TX",76114,"26,800",207,218,810,910,"21,173","12,096","12,996","13,804",55,144,26,"8,787",401,"55,731.36 ","43,862.00 ","19,998.00 ",61,"7,846","3,243",893,9,2,30,"2,204",105,59
"76115, Fort Worth, TX",76115,"22,210",731,524,"1,852","1,338","13,386","3,114","16,969","5,241",120,161,53,"10,898",544,"39,272.04 ","30,367.00 ","11,205.00 ",210,"3,815","4,050","1,262",20,6,33,"2,574",155,204
"76116, Fort Worth, TX",76116,"48,591",934,960,"6,186","6,563","34,976","26,399","13,530","35,061",208,164,59,"7,806",694,"65,317.10 ","47,061.00 ","29,153.00 ",414,"16,713","3,981","1,325",46,14,33,"2,364",199,400
"76117, Haltom City, TX",76117,"32,800","2,740","2,820","1,128","1,071","22,876","14,208","14,094","18,706",120,208,86,"8,404",662,"56,568.00 ","45,738.00 ","20,259.00 ",863,"8,785","3,560","1,183",22,13,40,"2,126",176,850
"76118, Fort Worth, TX",76118,"13,811",990,"1,161","1,090","1,270","10,275","8,184","2,706","11,105",27,25,18,"1,616",213,"86,541.36 ","71,134.00 ","31,837.00 ",252,"4,065",721,237,4,4,4,437,35,248
"76119, Fort Worth, TX",76119,"45,423","1,109",950,"21,226","19,742","14,262","4,699","19,614","25,809",433,317,108,"10,688",858,"44,706.08 ","32,547.00 ","14,551.00 ",252,"4,077","4,379","1,736",81,16,63,"2,302",181,236
"76120, Fort Worth, TX",76120,"16,611",775,766,"7,464","7,508","6,806","4,986","2,924","13,687",101,27,24,"1,652",200,"68,243.23 ","51,600.00 ","29,136.00 ",234,"3,142",879,277,31,3,6,513,49,231
"76123, Fort Worth, TX",76123,"30,933","2,190","2,170","11,469","11,455","14,060","9,703","6,761","24,172",222,63,59,"4,095",378,"102,104.67 ","89,758.00 ","31,817.00 ",631,"4,728","1,638",484,47,8,7,"1,017",75,623
"76126, Fort Worth, TX",76126,"20,898",427,572,641,851,"18,765","16,626","2,266","18,632",29,24,15,"1,578",103,"102,823.98 ","83,193.00 ","42,044.00 ",123,"7,851",637,149,6,3,4,457,18,120
"76127, Naval Air Station/ Jrb, TX",76127,763,8,6,129,130,536,337,258,505,4,4,2,194,7,"98,941.47 ","71,429.00 ","26,159.00 ",1,99,25,3,0,0,0,21,1,1
"76129, Fort Worth, TX",76129,0,0,0,0,0,0,0,0,0,0,0,0,0,0,0.00 ,0.00 ,0.00 ,0,0,0,0,0,0,0,0,0,0
"76131, Fort Worth, TX",76131,"29,186","1,609","1,780","3,105","3,351","20,785","14,641","8,395","20,791",131,79,29,"5,453",458,"93,798.97 ","79,722.00 ","29,539.00 ",451,"6,908","2,042",589,24,1,19,"1,317",92,450
"76132, Fort Worth, TX",76132,"26,628","1,477","1,583","4,894","5,195","18,237","15,185","4,026","22,602",107,37,19,"2,468",252,"88,918.25 ","55,669.00 ","44,399.00 ",552,"9,405","1,602",487,45,4,14,981,71,548
"76133, Fort Worth, TX",76133,"51,974","1,651","1,644","12,062","12,195","31,683","20,877","16,157","35,817",248,191,58,"10,339",674,"71,828.91 ","58,945.00 ","27,230.00 ",506,"12,908","4,219","1,230",48,10,36,"2,724",171,496
"76134, Fort Worth, TX",76134,"24,898",609,564,"9,386","9,050","11,773","6,238","8,543","16,355",189,111,36,"5,699",274,"67,298.91 ","57,484.00 ","23,156.00 ",173,"4,307","2,165",559,39,3,18,"1,484",62,170
"76135, Fort Worth, TX",76135,"20,882",387,513,942,"1,244","17,457","13,578","4,769","16,113",50,91,19,"3,162",234,"73,990.31 ","57,846.00 ","27,684.00 ",124,"6,710","1,307",343,8,4,19,872,61,120
"76137, Fort Worth, TX",76137,"58,021","5,510","6,187","5,146","5,642","41,326","31,439","12,912","45,109",187,146,71,"8,233",759,"91,180.35 ","77,301.00 ","32,541.00 ","1,556","15,692","3,499",997,30,10,40,"2,254",168,"1,546"
"76140, Fort Worth, TX",76140,"27,962",384,340,"10,444","10,186","13,421","7,972","8,965","18,997",165,92,41,"5,550",311,"70,136.02 ","57,082.00 ","22,625.00 ",108,"4,542","2,024",658,23,3,17,"1,263",60,105
"76148, Fort Worth, TX",76148,"24,879","1,219","1,595","1,038","1,306","20,623","15,949","5,155","19,724",63,80,28,"3,718",225,"74,938.49 ","67,188.00 ","26,182.00 ",355,"7,441","1,282",254,15,6,19,940,48,349
"76155, Fort Worth, TX",76155,"4,082",344,343,"1,607","1,574","1,750","1,159",889,"3,193",45,12,4,575,38,"63,745.14 ","49,546.00 ","38,041.00 ",197,"1,113",439,111,28,2,6,274,18,195
"76164, Fort Worth, TX",76164,"17,241",37,6,407,92,"12,643",897,"16,139","1,102",105,144,17,"12,215",392,"51,467.31 ","41,678.00 ","14,265.00 ",9,"3,446","4,253",851,22,4,26,"3,219",131,5
"76177, Fort Worth, TX",76177,"8,639",550,634,801,896,"6,518","5,110","1,681","6,958",42,9,13,"1,125",98,"103,335.52 ","90,691.00 ","35,956.00 ",146,"2,410",443,105,6,0,2,310,20,146
"76179, Fort Worth, TX",76179,"52,273","2,290","2,735","3,031","3,545","42,025","32,124","12,312","39,961",149,129,67,"8,435",594,"98,868.68 ","83,084.00 ","33,543.00 ",617,"14,972","3,097",770,23,14,26,"2,151",113,603
"76180, North Richland Hills, TX",76180,"36,111","1,264","1,567","2,266","2,754","29,205","23,579","7,043","29,068",94,101,28,"4,467",420,"75,509.86 ","59,873.00 ","31,136.00 ",412,"12,612","2,011",558,21,3,22,"1,304",103,409
"76182, North Richland Hills, TX",76182,"29,402",820,"1,073","1,060","1,331","26,072","22,992","3,195","26,207",59,30,12,"2,285",175,"110,768.72 ","93,608.00 ","40,274.00 ",239,"9,710",775,162,10,3,8,556,36,236
"76201, Denton, TX",76201,"26,156","2,282","2,294","2,790","2,749","18,209","15,289","4,843","21,313",77,72,18,"2,840",225,"42,882.02 ","27,508.00 ","18,971.00 ",899,"7,773","1,364",393,17,6,29,830,89,893
"76205, Denton, TX",76205,"21,622","1,098","1,089","3,534","3,476","14,592","11,940","4,331","17,291",69,28,12,"2,636",227,"63,830.04 ","42,632.00 ","26,234.00 ",400,"6,108","1,190",368,10,3,10,715,84,397
"76207, Denton, TX",76207,"12,219",330,343,"1,088","1,109","9,659","8,114","2,205","10,014",29,43,3,"1,458",97,"75,070.89 ","62,749.00 ","30,652.00 ",112,"4,108",591,151,3,0,8,403,26,112
"76208, Denton, TX",76208,"22,997",659,672,"1,956","1,937","17,466","13,564","5,910","17,087",84,96,10,"3,782",182,"90,036.49 ","71,696.00 ","31,903.00 ",190,"6,546","1,416",378,21,1,19,950,47,189
"76209, Denton, TX",76209,"25,291",477,460,"2,487","2,382","18,689","14,500","6,925","18,366",102,109,16,"4,194",311,"69,043.96 ","56,397.00 ","26,716.00 ",182,"7,693","1,725",513,24,3,25,"1,074",86,179
"76210, Denton, TX",76210,"44,515","1,669","1,770","3,552","3,720","34,998","30,366","6,857","37,658",85,112,19,"4,136",428,"108,423.06 ","93,102.00 ","36,667.00 ",442,"12,387","1,618",451,7,4,20,"1,032",104,438
"76225, Alvord, TX",76225,"3,054",7,16,14,38,"2,865","2,603",286,"2,768",2,6,2,149,11,"82,584.40 ","67,519.00 ","30,640.00 ",1,"1,081",77,32,1,1,2,38,3,0
"76226, Argyle, TX",76226,"21,395",633,749,637,739,"18,983","17,186","2,021","19,374",24,22,11,"1,425",118,"150,469.12 ","124,505.00 ","49,233.00 ",169,"6,353",462,89,1,2,5,342,23,167
"76227, Aubrey, TX",76227,"26,044",325,357,"1,724","1,911","22,030","19,339","3,412","22,632",41,37,11,"2,296",160,"96,334.20 ","86,149.00 ","32,704.00 ",82,"7,756",799,188,6,2,7,575,21,80
"76244, Keller, TX",76244,"62,167","4,341","5,094","4,864","5,606","48,418","38,870","10,438","51,729",201,94,103,"7,387",712,"112,421.16 ","101,222.00 ","35,659.00 ","1,179","16,017","2,583",518,43,17,22,"1,879",104,"1,162"
"76245, Gordonville, TX",76245,"1,863",0,0,13,15,"1,749","1,688",69,"1,794",2,3,0,33,6,"51,269.58 ","37,946.00 ","23,448.00 ",0,820,19,5,0,0,2,12,0,0
"76247, Justin, TX",76247,"16,300",270,301,776,862,"13,994","12,245","2,228","14,072",23,28,7,"1,518",145,"93,440.99 ","85,917.00 ","30,270.00 ",65,"4,695",504,111,1,1,8,356,27,64
"76248, Keller, TX",76248,"37,827","1,660","1,979","1,178","1,380","33,351","30,078","3,327","34,500",38,32,26,"2,503",241,"139,092.96 ","121,478.00 ","47,402.00 ",458,"11,554",818,127,12,6,7,621,45,452
"76249, Krum, TX",76249,"8,050",62,78,153,184,"7,185","6,271","1,196","6,854",11,11,2,780,45,"85,713.59 ","74,924.00 ","29,906.00 ",13,"2,579",293,86,2,0,3,193,9,13
"76262, Roanoke, TX",76262,"28,010",940,"1,099","1,052","1,212","24,396","21,893","2,919","25,091",21,52,6,"2,024",182,"126,952.11 ","96,623.00 ","46,247.00 ",274,"9,124",757,171,7,1,6,536,36,273
"76476, Tolar, TX",76476,"2,708",13,28,2,2,"2,574","2,427",161,"2,547",1,3,1,78,13,"71,409.27 ","58,470.00 ","27,327.00 ",3,987,30,15,0,0,0,13,2,3
"76490, Whitt, TX",76490,193,0,0,0,0,183,170,15,178,0,0,0,9,0,"86,853.26 ","62,500.00 ","34,201.00 ",0,74,4,2,0,0,0,2,0,0
"76623, Avalon, TX",76623,166,0,0,54,54,105,87,24,142,1,0,0,17,1,"82,578.72 ","77,500.00 ","31,367.00 ",0,35,4,1,0,0,0,3,0,0
"76651, Italy, TX",76651,"3,202",7,5,502,512,"2,373","1,934",684,"2,518",11,4,2,415,27,"70,163.13 ","58,658.00 ","25,338.00 ",4,887,176,50,3,0,1,112,10,4
