Name,FIPS,"# Population, 2014","# Asian Population, Alone, 2014","# Population, Not Hispanic, Asian Alone, 2014","# Black Population, Alone, 2014","# Population, Not Hispanic, Black Alone, 2014","# White Population, Alone, 2014","# Population, Not Hispanic, White Alone, 2014","# Hispanic Population, 2014","# Population, Not Hispanic, 2014","# Population, Hispanic, Black Alone, 2014","# Population, Hispanic, American Indian and Alaska Native Alone, 2014","# Population, Hispanic, Asian Alone, 2014","# Population, Hispanic, White Alone, 2014","# Population, Hispanic, Two or More Races, 2014","# White Non-Hispanic Population, 2014","Average Household Income, 2014","Median Household Income, 2014","Household Income, Per Capita (), 2014","# Asian Households, 2014","# Asian Non-Hispanic Head of Households, 2014","# White Households, 2014","# Hispanic Households, 2014","# Hispanic Head of Households, Other Race Alone, 2014","# Hispanic Head of Households, Black Alone, 2014","# Hispanic Head of Households, Asian Alone, 2014","# Hispanic Head of Households, American Indian and Alaska Native Alone, 2014","# Hispanic Head of Households, White Alone, 2014","# Hispanic Head of Households, Two or More Races, 2014"
"54002, Baldwin, WI",54002,"6,426",39,40,42,41,"6,198","6,128",107,"6,319",2,0,0,66,13,"6,128","74,783.01 ","67,217.00 ","28,799.00 ",7,7,"2,404",26,7,1,0,0,16,2
"54003, Beldenville, WI",54003,"1,023",3,3,3,3,"1,001",994,13,"1,010",0,1,0,7,1,994,"87,830.87 ","79,851.00 ","33,002.00 ",1,1,379,2,1,0,0,0,1,0
"54010, East Ellsworth, WI",54010,0,0,0,0,0,0,0,0,0,0,0,0,0,0,0,0.00 ,0.00 ,0.00 ,0,0,0,0,0,0,0,0,0,0
"54011, Ellsworth, WI",54011,"6,835",22,22,18,18,"6,641","6,595",85,"6,750",0,5,0,43,8,"6,595","78,216.75 ","68,750.00 ","31,277.00 ",4,4,"2,638",15,6,0,0,0,7,2
"54014, Hager City, WI",54014,"2,316",7,7,4,4,"2,265","2,253",20,"2,296",0,0,0,13,0,"2,253","91,865.71 ","80,392.00 ","35,828.00 ",1,1,893,4,2,0,0,0,2,0
"54015, Hammond, WI",54015,"3,994",32,30,15,13,"3,846","3,789",98,"3,896",1,1,1,61,9,"3,789","87,019.16 ","78,875.00 ","30,896.00 ",9,9,"1,368",16,5,1,0,0,9,1
"54016, Hudson, WI",54016,"31,426",396,396,177,175,"30,006","29,496",715,"30,711",4,17,6,493,59,"29,496","110,114.21 ","89,261.00 ","41,567.00 ",91,91,"11,483",167,30,3,0,4,124,6
"54021, Prescott, WI",54021,"6,401",41,39,12,12,"6,167","6,089",119,"6,282",0,0,3,72,22,"6,089","105,453.31 ","88,161.00 ","40,439.00 ",6,5,"2,399",19,5,0,1,0,12,1
"54022, River Falls, WI",54022,"21,977",329,337,175,177,"20,909","20,628",389,"21,588",2,5,0,258,54,"20,628","83,913.18 ","67,550.00 ","30,007.00 ",67,67,"7,443",77,13,0,0,2,53,9
"54023, Roberts, WI",54023,"3,853",51,50,35,34,"3,682","3,641",67,"3,786",0,0,0,44,10,"3,641","87,813.94 ","78,311.00 ","31,407.00 ",8,8,"1,346",14,3,0,0,0,10,1
"54025, Somerset, WI",54025,"7,329",45,48,37,39,"6,994","6,873",201,"7,128",1,3,1,101,37,"6,873","83,826.19 ","69,512.00 ","30,091.00 ",11,11,"2,549",45,12,1,0,1,26,5
"54027, Wilson, WI",54027,"1,069",13,12,2,2,"1,038","1,025",20,"1,049",0,0,0,15,1,"1,025","76,483.91 ","73,641.00 ","29,371.00 ",3,3,401,3,1,0,0,0,2,0
"54028, Woodville, WI",54028,"2,578",20,21,6,6,"2,483","2,455",47,"2,531",0,0,0,23,7,"2,455","74,536.44 ","64,505.00 ","28,450.00 ",4,4,961,12,3,0,0,0,9,0
"54082, Houlton, WI",54082,"1,578",14,11,5,5,"1,508","1,485",40,"1,538",0,0,3,21,5,"1,485","119,277.95 ","91,549.00 ","43,837.00 ",3,2,563,8,2,0,1,0,5,0
"54723, Bay City, WI",54723,"1,428",6,6,4,5,"1,409","1,399",12,"1,416",0,0,1,8,1,"1,399","73,290.33 ","66,992.00 ","29,238.00 ",1,1,567,2,0,0,0,0,2,0
"54750, Maiden Rock, WI",54750,"1,031",4,4,3,3,"1,018","1,007",13,"1,018",0,0,0,11,0,"1,007","84,209.82 ","69,101.00 ","33,538.00 ",0,0,410,3,0,0,0,0,3,0
"54761, Plum City, WI",54761,"1,261",3,3,7,4,"1,235","1,205",44,"1,217",4,0,0,28,0,"1,205","70,896.47 ","61,024.00 ","28,381.00 ",0,0,492,8,2,1,0,0,5,0
"55001, Afton, MN",55001,"3,049",143,148,24,25,"2,824","2,784",54,"2,995",0,5,0,33,1,"2,784","127,154.27 ","107,372.00 ","47,949.00 ",28,28,"1,107",7,1,0,0,2,4,0
"55003, Bayport, MN",55003,"1,889",9,9,24,25,"1,795","1,774",29,"1,860",0,0,0,19,4,"1,774","109,786.38 ","68,229.00 ","50,020.00 ",2,2,842,5,1,0,0,0,4,0
"55005, Bethel, MN",55005,"4,477",83,83,30,30,"4,251","4,215",54,"4,423",0,0,1,35,6,"4,215","102,347.71 ","89,965.00 ","34,543.00 ",16,15,"1,473",9,2,0,1,0,6,0
"55008, Cambridge, MN",55008,"14,418",199,195,134,126,"13,757","13,629",191,"14,227",9,4,5,123,18,"13,629","77,176.26 ","63,397.00 ","29,673.00 ",40,40,"5,303",39,9,2,0,0,26,2
"55011, Cedar, MN",55011,"9,883",235,227,49,47,"9,369","9,296",133,"9,750",1,6,1,86,12,"9,296","97,981.81 ","91,171.00 ","33,855.00 ",36,36,"3,322",23,4,1,0,0,17,1
"55012, Center City, MN",55012,"1,972",21,20,6,6,"1,906","1,894",22,"1,950",0,0,0,16,3,"1,894","85,056.06 ","70,509.00 ","31,245.00 ",3,3,702,6,1,0,0,0,5,0
"55013, Chisago City, MN",55013,"6,471",52,49,23,20,"6,265","6,220",77,"6,394",2,2,0,54,6,"6,220","95,470.05 ","71,264.00 ","38,048.00 ",8,8,"2,499",30,5,1,0,1,23,0
"55014, Circle Pines, MN",55014,"28,891","1,151","1,137",960,933,"25,727","25,299",719,"28,172",20,15,5,450,61,"25,299","100,086.12 ","89,374.00 ","34,521.00 ",229,229,"9,289",139,38,2,0,2,89,8
"55016, Cottage Grove, MN",55016,"36,013","2,092","2,083","1,657","1,632","30,672","29,445","1,821","34,192",27,17,11,"1,222",150,"29,445","102,767.57 ","91,482.00 ","35,005.00 ",470,468,"11,061",336,98,6,2,5,211,14
"55017, Dalbo, MN",55017,592,2,2,1,1,583,579,5,587,0,0,0,4,1,579,"70,059.23 ","56,633.00 ","26,170.00 ",1,1,219,2,0,0,0,0,1,1
"55020, Elko New Market, MN",55020,"3,820",100,91,35,32,"3,593","3,561",68,"3,752",0,3,0,49,9,"3,561","115,096.78 ","96,604.00 ","36,711.00 ",20,20,"1,173",12,0,0,0,0,12,0
"55024, Farmington, MN",55024,"34,108","1,470","1,541",892,902,"30,159","29,260","1,269","32,839",35,27,7,719,144,"29,260","99,513.62 ","93,920.00 ","33,668.00 ",347,344,"10,658",234,72,9,3,4,114,32
"55025, Forest Lake, MN",55025,"24,037",476,480,267,269,"22,625","22,219",542,"23,495",2,9,4,385,39,"22,219","93,604.14 ","78,469.00 ","35,612.00 ",97,97,"8,795",107,22,2,0,1,77,5
"55029, Grandy, MN",55029,0,0,0,0,0,0,0,0,0,0,0,0,0,0,0,0.00 ,0.00 ,0.00 ,0,0,0,0,0,0,0,0,0,0
"55031, Hampton, MN",55031,"2,058",18,20,7,8,"1,997","1,966",31,"2,027",0,0,0,24,4,"1,967","95,929.99 ","87,584.00 ","35,093.00 ",2,2,745,7,1,0,0,0,5,1
"55032, Harris, MN",55032,"3,314",27,26,15,15,"3,204","3,179",38,"3,276",0,1,0,28,4,"3,179","81,799.58 ","72,629.00 ","29,858.00 ",3,3,"1,179",11,1,0,0,0,9,1
"55038, Hugo, MN",55038,"20,915",920,933,161,162,"19,184","18,865",447,"20,468",2,3,3,292,62,"18,865","105,634.57 ","92,734.00 ","37,786.00 ",189,189,"7,133",91,24,0,0,1,60,6
"55040, Isanti, MN",55040,"12,953",124,121,108,104,"12,396","12,243",226,"12,727",7,4,6,141,23,"12,243","82,625.14 ","70,287.00 ","29,613.00 ",23,23,"4,515",37,8,2,0,0,24,3
"55042, Lake Elmo, MN",55042,"9,228",344,345,96,95,"8,463","8,244",324,"8,904",2,1,2,214,12,"8,244","142,565.36 ","116,147.00 ","49,263.00 ",67,66,"3,023",56,14,1,1,0,36,4
"55043, Lakeland, MN",55043,"3,616",39,41,10,9,"3,496","3,450",58,"3,558",1,3,0,41,6,"3,450","101,622.64 ","84,641.00 ","40,469.00 ",4,4,"1,415",18,5,0,0,0,12,1
"55044, Lakeville, MN",55044,"48,176","1,810","1,886","1,211","1,248","43,294","42,123","1,555","46,621",20,9,10,966,142,"42,123","128,616.38 ","108,308.00 ","42,636.00 ",428,423,"14,911",323,89,8,5,2,187,32
"55045, Lindstrom, MN",55045,"7,790",61,57,33,30,"7,532","7,481",91,"7,699",1,0,0,67,10,"7,481","90,178.93 ","72,064.00 ","34,629.00 ",9,9,"2,882",27,4,1,0,0,21,1
"55047, Marine On Saint Croix, MN",55047,"2,701",26,26,4,4,"2,636","2,614",26,"2,675",0,0,0,22,2,"2,614","110,438.14 ","93,135.00 ","45,113.00 ",3,3,"1,085",8,2,0,0,0,5,1
"55054, Elko New Market, MN",55054,"2,056",67,61,25,23,"1,905","1,887",42,"2,014",0,3,0,29,6,"1,887","114,289.28 ","97,302.00 ","36,130.00 ",14,14,620,8,0,0,0,0,8,0
"55055, Newport, MN",55055,"3,828",162,161,220,217,"3,221","3,085",254,"3,574",1,7,0,139,28,"3,085","77,082.96 ","66,297.00 ","30,562.00 ",39,39,"1,372",50,22,0,0,2,24,2
"55056, North Branch, MN",55056,"13,389",134,125,61,56,"12,917","12,786",194,"13,195",2,4,2,153,15,"12,786","77,586.00 ","70,310.00 ","28,005.00 ",16,16,"4,658",52,10,1,0,0,39,2
"55068, Rosemount, MN",55068,"28,299","1,659","1,714","1,086","1,116","24,197","23,432","1,055","27,244",10,33,7,626,95,"23,432","103,434.04 ","92,136.00 ","35,799.00 ",413,410,"8,860",217,63,3,3,9,121,18
"55070, Saint Francis, MN",55070,"7,782",77,73,56,54,"7,407","7,329",118,"7,664",0,1,1,90,9,"7,329","81,483.63 ","72,482.00 ","28,597.00 ",15,15,"2,656",26,7,0,0,0,18,1
"55071, Saint Paul Park, MN",55071,"5,621",222,221,210,201,"4,942","4,694",360,"5,261",8,4,0,250,21,"4,694","75,568.80 ","70,660.00 ","28,425.00 ",44,44,"1,973",74,21,1,0,2,49,1
"55073, Scandia, MN",55073,"3,085",27,31,4,4,"2,993","2,962",45,"3,040",0,0,0,23,12,"2,962","103,307.91 ","90,638.00 ","38,234.00 ",2,2,"1,122",10,1,0,0,0,7,2
"55074, Shafer, MN",55074,"2,051",28,28,10,9,"1,966","1,956",18,"2,033",1,0,0,10,3,"1,956","84,253.02 ","72,569.00 ","30,941.00 ",4,4,729,4,1,0,0,0,3,0
"55075, South Saint Paul, MN",55075,"20,901",313,302,959,904,"17,580","16,299","2,647","18,254",56,29,11,"1,279",174,"16,299","70,476.44 ","60,766.00 ","28,723.00 ",76,65,"7,677",616,249,30,11,16,266,39
"55076, Inver Grove Heights, MN",55076,"21,206",681,690,845,839,"18,193","17,094","1,940","19,266",25,14,7,"1,050",150,"17,094","87,067.67 ","71,940.00 ","35,621.00 ",171,164,"7,907",455,167,16,7,9,218,37
"55077, Inver Grove Heights, MN",55077,"13,671",634,624,743,713,"11,076","10,382","1,443","12,228",26,20,7,703,128,"10,382","105,667.98 ","79,983.00 ","40,581.00 ",180,173,"4,489",382,161,12,7,11,156,33
"55079, Stacy, MN",55079,"8,323",100,94,34,30,"7,990","7,920",107,"8,216",2,1,1,85,7,"7,920","84,511.74 ","75,413.00 ","30,289.00 ",12,12,"2,909",27,0,1,0,0,24,2
"55080, Stanchfield, MN",55080,"2,548",24,22,6,6,"2,472","2,455",28,"2,520",0,1,1,19,4,"2,455","79,323.95 ","69,251.00 ","29,637.00 ",3,3,932,7,1,0,0,0,6,0
"55082, Stillwater, MN",55082,"37,539",670,675,"1,222","1,223","34,537","33,864",849,"36,690",14,6,3,639,69,"33,864","112,278.51 ","85,918.00 ","41,297.00 ",150,150,"13,376",130,28,2,0,1,89,10
"55084, Taylors Falls, MN",55084,"1,751",24,24,8,8,"1,676","1,666",17,"1,734",0,0,0,10,2,"1,666","74,044.90 ","65,500.00 ","28,203.00 ",4,4,645,4,1,0,0,0,3,0
"55085, Vermillion, MN",55085,314,6,6,1,1,301,299,3,311,0,0,0,2,0,298,"100,158.18 ","90,909.00 ","35,162.00 ",1,1,107,1,0,0,0,0,0,0
"55090, Willernie, MN",55090,585,2,2,7,7,533,522,18,567,0,3,0,10,1,522,"83,741.49 ","73,750.00 ","33,783.00 ",1,1,227,3,1,0,0,0,2,0
"55092, Wyoming, MN",55092,"10,665",147,140,46,43,"10,211","10,116",157,"10,508",2,4,4,103,16,"10,116","95,081.67 ","84,424.00 ","34,650.00 ",23,22,"3,792",34,6,0,1,1,24,2
"55101, Saint Paul, MN",55101,"6,072",433,439,"1,071","1,074","4,223","3,981",312,"5,760",20,5,3,205,24,"3,981","59,862.27 ","46,196.00 ","39,953.00 ",228,228,"3,013",153,33,10,0,2,93,15
"55102, Saint Paul, MN",55102,"17,968",642,654,"2,557","2,556","13,519","12,732","1,193","16,775",66,32,5,684,137,"12,732","71,444.25 ","50,460.00 ","38,210.00 ",230,228,"7,531",381,91,16,2,9,232,31
"55103, Saint Paul, MN",55103,"14,328","3,869","3,814","4,730","4,596","4,414","3,920","1,227","13,101",94,22,21,575,112,"3,920","53,046.63 ","38,026.00 ","19,604.00 ",926,922,"2,171",290,95,23,4,6,141,21
"55104, Saint Paul, MN",55104,"46,093","4,164","4,181","10,244","10,154","28,394","26,888","2,752","43,341",210,69,33,"1,311",336,"26,888","73,182.95 ","50,720.00 ","29,360.00 ","1,004",999,"12,006",677,207,41,5,22,336,65
"55105, Saint Paul, MN",55105,"28,690",962,"1,036",797,836,"25,798","24,965",896,"27,794",24,17,4,620,86,"24,965","106,521.19 ","80,389.00 ","45,474.00 ",247,246,"11,256",231,45,8,1,4,158,14
"55106, Saint Paul, MN",55106,"53,357","15,415","15,014","8,839","8,410","22,748","19,473","7,791","45,566",256,173,91,"3,812",645,"19,473","58,527.68 ","46,507.00 ","20,048.00 ","3,123","3,100","10,455","1,771",694,81,23,43,812,118
"55107, Saint Paul, MN",55107,"14,989","1,361","1,213","2,173","1,807","8,710","6,455","4,796","10,193",182,105,24,"2,636",399,"6,455","63,938.02 ","50,753.00 ","23,984.00 ",282,274,"3,692","1,242",407,40,8,30,673,84
"55108, Saint Paul, MN",55108,"14,964","2,048","2,097","1,100","1,094","11,140","10,652",593,"14,371",34,9,4,394,69,"10,652","83,012.09 ","64,054.00 ","37,567.00 ",839,837,"5,084",181,33,7,2,3,118,18
"55109, Saint Paul, MN",55109,"33,115","3,761","3,857","2,795","2,807","24,815","23,573","1,742","31,373",72,42,19,"1,009",163,"23,573","74,964.08 ","62,687.00 ","30,833.00 ",869,866,"11,013",436,119,20,3,10,240,43
"55110, Saint Paul, MN",55110,"40,978","1,606","1,735",928,991,"36,981","35,835","1,306","39,672",15,20,8,842,148,"35,835","96,719.90 ","75,496.00 ","39,252.00 ",366,364,"15,595",301,60,2,2,4,199,34
"55111, Saint Paul, MN",55111,59,0,0,12,11,27,21,21,36,0,0,0,6,2,21,"36,941.67 ","26,667.00 ","24,409.00 ",0,0,21,5,2,0,0,0,2,1
"55112, Saint Paul, MN",55112,"43,098","3,011","3,113","2,590","2,653","35,296","34,042","1,891","41,207",43,20,22,969,165,"34,042","88,278.40 ","68,997.00 ","35,278.00 ",932,926,"14,641",482,168,11,6,7,264,26
"55113, Saint Paul, MN",55113,"41,048","3,514","3,647","3,045","3,103","32,351","31,018","1,942","39,106",70,41,17,"1,000",178,"31,018","87,032.41 ","66,526.00 ","39,166.00 ","1,117","1,113","15,063",538,186,26,4,11,279,32
"55114, Saint Paul, MN",55114,"2,934",287,291,444,446,"2,041","1,971",102,"2,832",7,3,2,53,7,"1,971","59,806.65 ","50,804.00 ","28,717.00 ",116,115,"1,022",35,10,1,1,1,20,2
"55115, Saint Paul, MN",55115,"9,084",143,148,247,255,"8,477","8,356",137,"8,947",0,2,0,102,11,"8,356","125,514.09 ","99,245.00 ","48,136.00 ",29,29,"3,263",22,1,0,0,0,20,1
"55116, Saint Paul, MN",55116,"24,094","1,017","1,038","2,889","2,933","18,989","18,182","1,238","22,856",37,16,8,678,105,"18,182","92,256.56 ","66,564.00 ","43,434.00 ",324,321,"9,337",377,131,15,3,7,200,21
"55117, Saint Paul, MN",55117,"42,907","9,310","9,221","7,134","6,895","22,871","21,112","3,858","39,049",224,97,70,"1,797",347,"21,112","64,644.30 ","48,924.00 ","25,161.00 ","2,172","2,157","10,886",939,342,58,15,21,440,63
"55118, Saint Paul, MN",55118,"28,901",657,608,"1,582","1,416","23,452","21,410","4,610","24,291",97,56,19,"2,182",400,"21,410","90,237.96 ","62,989.00 ","39,160.00 ",175,156,"10,739","1,233",498,41,19,31,515,124
"55119, Saint Paul, MN",55119,"40,829","5,989","5,924","6,579","6,428","24,792","22,747","4,026","36,803",149,51,63,"2,049",344,"22,747","73,159.63 ","61,503.00 ","28,606.00 ","1,378","1,361","11,356",935,355,30,17,16,463,54
"55120, Saint Paul, MN",55120,"4,467",167,172,142,145,"4,023","3,915",131,"4,336",2,1,1,94,11,"3,915","125,452.50 ","97,926.00 ","51,569.00 ",50,50,"1,681",24,3,1,0,0,19,1
"55121, Saint Paul, MN",55121,"7,952",777,786,540,541,"6,136","5,885",415,"7,537",8,6,3,225,58,"5,885","83,262.52 ","71,800.00 ","37,377.00 ",258,256,"2,984",119,35,4,2,2,58,18
"55122, Saint Paul, MN",55122,"32,065","2,961","3,004","2,598","2,577","24,651","23,644","1,694","30,371",64,11,7,895,159,"23,644","101,326.87 ","81,369.00 ","41,613.00 ",862,855,"11,031",435,147,16,7,6,220,39
"55123, Saint Paul, MN",55123,"25,891","1,933","1,983","1,247","1,254","21,559","20,824","1,051","24,840",30,7,9,615,61,"20,824","130,914.51 ","110,593.00 ","46,646.00 ",538,533,"8,083",243,73,11,5,1,138,15
"55124, Saint Paul, MN",55124,"50,988","2,995","3,052","3,318","3,346","41,747","40,181","2,676","48,312",48,33,13,"1,379",241,"40,181","102,398.94 ","87,286.00 ","39,473.00 ",839,831,"17,228",599,224,20,8,15,276,56
"55125, Saint Paul, MN",55125,"44,179","4,259","4,270","2,869","2,826","35,289","34,023","1,848","42,331",58,21,11,"1,222",179,"34,023","118,554.47 ","98,656.00 ","44,479.00 ","1,229","1,226","14,070",391,97,14,3,6,255,16
"55126, Saint Paul, MN",55126,"27,454","2,255","2,341",708,730,"23,552","22,942",685,"26,769",6,13,4,463,65,"22,942","114,652.68 ","88,569.00 ","47,835.00 ",719,719,"10,158",172,40,1,0,1,118,12
"55127, Saint Paul, MN",55127,"16,550","1,135","1,196",347,362,"14,625","14,317",342,"16,208",4,13,2,208,38,"14,317","136,019.03 ","100,849.00 ","56,028.00 ",292,291,"6,282",80,20,2,1,3,48,6
"55128, Saint Paul, MN",55128,"29,067","2,569","2,561","2,015","1,981","23,047","22,189","1,477","27,590",37,24,13,849,200,"22,189","86,421.18 ","73,848.00 ","34,874.00 ",572,569,"10,206",317,96,11,3,6,176,25
"55129, Saint Paul, MN",55129,"20,285","2,197","2,208","1,364","1,350","15,974","15,437",708,"19,577",22,2,2,513,74,"15,437","141,626.63 ","116,966.00 ","49,206.00 ",649,647,"5,865",155,30,6,2,1,110,6
"55130, Saint Paul, MN",55130,"19,558","7,055","6,846","4,540","4,327","5,830","4,732","2,761","16,797",119,125,61,"1,360",204,"4,732","49,593.53 ","33,769.00 ","15,728.00 ","1,473","1,455","2,530",687,246,39,18,30,310,44
"55150, Mendota, MN",55150,0,0,0,0,0,0,0,0,0,0,0,0,0,0,0,0.00 ,0.00 ,0.00 ,0,0,0,0,0,0,0,0,0,0
"55155, Saint Paul, MN",55155,0,0,0,0,0,0,0,0,0,0,0,0,0,0,0,0.00 ,0.00 ,0.00 ,0,0,0,0,0,0,0,0,0,0
"55301, Albertville, MN",55301,"11,066",315,313,298,301,"10,067","9,842",317,"10,749",3,1,7,208,38,"9,842","105,586.09 ","97,340.00 ","35,700.00 ",93,92,"3,509",65,11,0,1,0,49,4
"55302, Annandale, MN",55302,"7,195",12,11,33,32,"7,003","6,929",144,"7,051",3,1,2,67,19,"6,929","81,886.51 ","66,062.00 ","33,228.00 ",4,4,"2,820",36,13,1,0,0,16,6
"55303, Anoka, MN",55303,"47,915","1,115","1,095","1,777","1,724","42,960","42,237","1,461","46,454",31,22,7,775,123,"42,237","89,860.09 ","77,472.00 ","33,135.00 ",241,240,"16,390",325,100,3,1,6,189,26
"55304, Andover, MN",55304,"47,300","1,278","1,263",745,724,"43,780","43,205","1,046","46,254",18,14,11,586,107,"43,205","113,039.86 ","97,888.00 ","36,996.00 ",254,253,"14,760",203,63,4,1,5,120,10
"55305, Hopkins, MN",55305,"20,749","1,067","1,072","1,398","1,401","17,442","17,031",639,"20,110",7,7,3,389,67,"17,031","100,360.29 ","74,688.00 ","47,515.00 ",420,419,"8,673",181,37,2,1,3,121,17
"55306, Burnsville, MN",55306,"17,334",969,970,"1,487","1,467","13,388","12,722","1,475","15,859",35,17,9,634,106,"12,722","93,987.18 ","68,037.00 ","37,990.00 ",269,261,"5,894",357,161,12,8,7,135,34
"55307, Arlington, MN",55307,"3,120",15,18,6,7,"2,974","2,797",253,"2,867",0,1,0,166,9,"2,797","75,437.01 ","57,951.00 ","30,634.00 ",3,3,"1,224",61,24,0,0,0,37,0
"55308, Becker, MN",55308,"9,848",76,75,37,35,"9,491","9,418",132,"9,716",1,0,0,78,17,"9,418","93,355.27 ","86,779.00 ","30,517.00 ",12,12,"3,104",28,7,0,0,0,18,3
"55309, Big Lake, MN",55309,"17,607",191,191,201,199,"16,553","16,296",474,"17,133",3,6,1,253,31,"16,296","90,051.93 ","81,810.00 ","30,274.00 ",42,42,"5,693",112,36,0,0,5,66,5
"55311, Osseo, MN",55311,"34,913","3,162","3,171","1,534","1,512","29,050","28,470",807,"34,106",30,6,8,551,56,"28,470","144,388.94 ","116,428.00 ","50,975.00 ",911,908,"10,741",191,28,10,3,0,142,8
"55313, Buffalo, MN",55313,"23,774",168,167,172,168,"22,738","22,351",586,"23,188",5,3,2,381,77,"22,351","87,806.28 ","75,114.00 ","32,169.00 ",55,55,"8,405",125,28,0,0,2,88,7
"55315, Carver, MN",55315,"5,317",227,225,41,41,"4,910","4,846",96,"5,221",0,1,1,65,12,"4,846","116,337.02 ","110,031.00 ","38,646.00 ",46,45,"1,681",19,2,0,1,1,14,1
"55316, Champlin, MN",55316,"24,648",945,946,"1,379","1,383","21,440","21,063",532,"24,116",4,5,4,361,53,"21,063","104,779.18 ","89,524.00 ","37,751.00 ",257,256,"8,095",121,26,1,1,1,84,8
"55317, Chanhassen, MN",55317,"18,375",718,700,219,207,"16,931","16,668",484,"17,891",8,5,3,288,41,"16,668","130,425.16 ","109,275.00 ","48,633.00 ",189,187,"6,465",102,44,3,2,0,47,6
"55318, Chaska, MN",55318,"28,494",938,874,662,599,"25,433","24,125","2,271","26,223",32,5,17,"1,418",109,"24,125","105,394.27 ","83,448.00 ","38,964.00 ",240,234,"9,686",452,197,11,6,3,218,17
"55319, Clear Lake, MN",55319,"5,573",23,20,14,13,"5,455","5,431",43,"5,530",1,2,3,23,3,"5,431","100,267.90 ","89,614.00 ","36,097.00 ",1,1,"1,982",10,2,0,0,1,7,0
"55321, Cokato, MN",55321,"4,669",16,17,14,15,"4,470","4,385",151,"4,518",1,2,1,71,16,"4,385","74,715.82 ","60,243.00 ","26,221.00 ",5,5,"1,552",42,17,0,0,2,21,1
"55322, Cologne, MN",55322,"3,221",28,28,25,26,"3,092","3,041",83,"3,138",0,1,1,46,11,"3,041","96,541.90 ","87,500.00 ","34,265.00 ",6,6,"1,120",12,7,0,0,0,5,0
"55327, Dayton, MN",55327,"3,553",76,73,21,21,"3,322","3,138",248,"3,305",0,0,3,184,10,"3,138","106,094.96 ","89,977.00 ","37,635.00 ",15,14,"1,210",53,7,0,1,0,42,3
"55328, Delano, MN",55328,"9,538",68,68,44,41,"9,201","9,109",147,"9,391",4,0,2,84,16,"9,109","102,562.10 ","85,670.00 ","37,348.00 ",16,16,"3,372",35,9,1,0,0,24,1
"55330, Elk River, MN",55330,"38,592",647,643,639,608,"36,033","35,348","1,039","37,553",28,10,1,695,80,"35,348","95,226.93 ","83,216.00 ","33,732.00 ",130,129,"13,041",183,38,0,1,3,131,10
"55331, Excelsior, MN",55331,"18,925",333,334,210,210,"17,888","17,604",423,"18,502",2,11,3,275,34,"17,604","166,393.46 ","115,466.00 ","63,361.00 ",101,100,"6,908",99,23,0,1,2,68,5
"55337, Burnsville, MN",55337,"44,496","2,453","2,448","5,813","5,739","32,896","30,932","3,721","40,775",110,23,20,"1,903",272,"30,932","89,110.60 ","74,114.00 ","36,346.00 ",715,695,"14,628",956,358,39,20,15,425,98
"55338, Green Isle, MN",55338,986,3,3,4,4,965,950,18,968,0,0,0,14,1,950,"78,438.28 ","70,679.00 ","30,483.00 ",1,1,379,3,1,0,0,0,2,0
"55339, Hamburg, MN",55339,"1,246",5,5,1,1,"1,213","1,193",38,"1,208",0,0,1,18,0,"1,193","82,356.98 ","77,577.00 ","30,475.00 ",1,1,451,10,7,0,0,0,3,0
"55340, Hamel, MN",55340,"6,719",238,241,55,56,"6,215","6,151",155,"6,564",0,5,1,58,13,"6,151","179,584.38 ","117,409.00 ","62,623.00 ",58,57,"2,233",33,19,0,1,1,11,1
"55341, Hanover, MN",55341,"3,083",32,33,29,29,"2,952","2,920",49,"3,034",1,0,0,29,6,"2,920","115,626.57 ","105,907.00 ","37,850.00 ",7,7,982,8,2,0,0,0,5,1
"55343, Hopkins, MN",55343,"24,691","1,920","1,899","2,972","2,912","18,033","17,191","1,704","22,987",49,23,14,863,98,"17,191","82,961.22 ","64,414.00 ","40,151.00 ",771,765,"9,562",449,134,13,6,8,264,24
"55344, Eden Prairie, MN",55344,"16,122","2,424","2,425","1,926","1,913","10,863","10,507",715,"15,407",18,8,5,344,58,"10,507","100,238.62 ","78,510.00 ","48,114.00 ",960,958,"5,820",208,64,6,2,1,123,11
"55345, Minnetonka, MN",55345,"22,078",515,518,461,461,"20,357","20,076",432,"21,646",8,12,5,254,37,"20,076","125,399.52 ","102,355.00 ","50,381.00 ",154,153,"8,427",91,19,1,1,2,66,2
"55346, Eden Prairie, MN",55346,"17,715","1,004","1,004",889,886,"15,259","14,970",409,"17,306",6,0,4,280,34,"14,970","128,465.34 ","114,266.00 ","48,090.00 ",290,289,"6,001",88,12,1,1,0,68,6
"55347, Eden Prairie, MN",55347,"30,121","3,117","3,128","1,071","1,063","24,860","24,283",899,"29,222",14,11,8,548,88,"24,283","155,471.22 ","128,976.00 ","56,323.00 ",920,918,"9,480",199,37,6,2,3,140,11
"55349, Howard Lake, MN",55349,"4,431",16,16,23,17,"4,317","4,237",119,"4,312",7,0,1,77,6,"4,237","75,365.44 ","62,307.00 ","28,683.00 ",4,4,"1,645",38,6,1,0,0,30,1
"55352, Jordan, MN",55352,"9,239",142,133,45,42,"8,577","8,387",455,"8,784",1,10,3,209,43,"8,387","100,752.80 ","91,580.00 ","34,596.00 ",32,31,"3,049",73,33,1,1,0,34,4
"55356, Long Lake, MN",55356,"5,167",73,74,53,54,"4,878","4,785",145,"5,022",0,2,0,89,7,"4,785","163,721.62 ","107,872.00 ","62,324.00 ",19,19,"1,886",32,9,0,0,1,22,0
"55357, Loretto, MN",55357,"3,677",95,96,24,24,"3,482","3,455",46,"3,631",0,0,0,26,2,"3,455","186,730.16 ","119,828.00 ","62,796.00 ",22,22,"1,189",8,3,0,0,0,5,0
"55358, Maple Lake, MN",55358,"5,909",19,19,30,32,"5,775","5,737",56,"5,853",0,0,1,31,14,"5,737","87,744.10 ","73,551.00 ","32,719.00 ",6,6,"2,157",15,2,0,0,0,11,2
"55359, Maple Plain, MN",55359,"6,077",63,63,54,56,"5,815","5,714",158,"5,919",0,2,2,93,21,"5,714","131,805.59 ","98,459.00 ","48,951.00 ",13,13,"2,194",32,6,0,0,1,22,3
"55360, Mayer, MN",55360,"2,759",28,27,18,18,"2,662","2,643",33,"2,726",0,0,0,21,6,"2,643","94,770.96 ","86,139.00 ","33,039.00 ",6,6,944,5,0,0,0,0,5,0
"55362, Monticello, MN",55362,"18,680",171,169,258,249,"17,457","16,957",855,"17,825",8,3,1,503,52,"16,957","88,611.24 ","79,666.00 ","32,587.00 ",56,56,"6,540",204,78,2,0,0,121,3
"55363, Montrose, MN",55363,"4,520",29,31,23,23,"4,318","4,240",135,"4,385",1,0,0,69,17,"4,240","79,317.62 ","69,048.00 ","28,569.00 ",5,5,"1,590",29,10,0,0,0,18,1
"55364, Mound, MN",55364,"14,460",201,202,121,118,"13,840","13,646",254,"14,206",4,1,1,189,16,"13,646","123,781.99 ","92,891.00 ","50,891.00 ",59,59,"5,786",56,9,0,0,0,44,3
"55366, New Auburn, MN",55366,372,1,1,0,0,352,332,29,343,0,0,0,17,0,332,"70,637.60 ","55,556.00 ","27,344.00 ",0,0,138,9,5,0,0,0,4,0
"55367, New Germany, MN",55367,918,9,8,3,3,887,877,18,900,0,0,0,11,3,877,"94,876.78 ","82,721.00 ","34,635.00 ",2,2,330,3,0,0,0,0,3,0
"55368, Norwood Young America, MN",55368,"2,729",15,15,13,14,"2,619","2,576",102,"2,627",0,0,1,41,14,"2,576","82,336.99 ","78,033.00 ","31,771.00 ",3,3,"1,021",21,15,0,0,0,5,1
"55369, Osseo, MN",55369,"33,559","1,471","1,483","1,593","1,585","29,028","28,275","1,190","32,369",25,10,4,709,82,"28,275","103,644.52 ","90,525.00 ","41,119.00 ",425,425,"12,125",271,65,8,0,2,181,15
"55372, Prior Lake, MN",55372,"32,102","1,004",962,372,348,"29,353","29,100",610,"31,492",10,24,2,350,97,"29,100","123,399.88 ","106,033.00 ","44,723.00 ",255,254,"10,887",114,22,1,1,6,64,20
"55373, Rockford, MN",55373,"5,773",74,75,53,54,"5,441","5,371",112,"5,661",0,0,0,67,14,"5,371","103,177.83 ","84,169.00 ","38,165.00 ",24,24,"2,056",21,4,0,0,0,16,1
"55374, Rogers, MN",55374,"12,990",444,449,256,261,"11,865","11,725",250,"12,740",1,3,5,117,23,"11,725","112,807.08 ","104,336.00 ","38,491.00 ",109,109,"4,115",46,14,1,0,1,26,4
"55375, Saint Bonifacius, MN",55375,"4,118",111,110,71,72,"3,833","3,732",128,"3,990",1,0,5,93,7,"3,732","116,840.28 ","95,539.00 ","40,800.00 ",27,27,"1,377",28,4,0,0,0,22,2
"55376, Saint Michael, MN",55376,"15,920",301,304,290,289,"14,897","14,691",322,"15,598",5,3,1,194,41,"14,691","108,696.11 ","95,950.00 ","34,854.00 ",96,96,"4,886",60,13,1,0,0,42,4
"55378, Savage, MN",55378,"27,993","2,897","2,814","1,124","1,085","22,589","22,274",984,"27,009",12,16,11,435,141,"22,274","113,634.12 ","98,001.00 ","38,476.00 ",761,758,"8,265",159,57,4,3,2,81,12
"55379, Shakopee, MN",55379,"42,842","4,735","4,645","1,570","1,488","32,291","31,339","3,812","39,030",62,58,28,"1,054",286,"31,339","102,004.18 ","87,871.00 ","35,651.00 ","1,246","1,238","12,380",664,438,10,8,6,166,36
"55384, Spring Park, MN",55384,"2,109",58,59,49,49,"1,955","1,933",31,"2,078",0,0,0,21,2,"1,933","106,784.80 ","54,464.00 ","53,229.00 ",21,21,972,8,1,0,0,0,7,0
"55386, Victoria, MN",55386,"6,593",135,131,32,32,"6,288","6,194",123,"6,470",0,0,2,98,10,"6,194","141,192.71 ","123,247.00 ","46,752.00 ",30,30,"2,102",26,3,0,0,0,22,1
"55387, Waconia, MN",55387,"13,503",180,181,127,123,"12,877","12,654",338,"13,165",6,5,2,216,28,"12,654","101,347.57 ","89,900.00 ","36,395.00 ",33,33,"4,687",56,21,1,0,0,32,2
"55388, Watertown, MN",55388,"5,324",34,35,14,13,"5,115","5,058",103,"5,221",2,5,1,49,24,"5,058","91,467.93 ","74,843.00 ","34,244.00 ",4,4,"1,941",15,4,0,0,1,7,3
"55390, Waverly, MN",55390,"2,852",18,15,12,12,"2,762","2,693",91,"2,761",0,0,3,69,3,"2,693","78,297.14 ","64,706.00 ","30,354.00 ",6,5,"1,069",24,3,0,1,0,19,1
"55391, Wayzata, MN",55391,"14,786",290,286,206,192,"13,938","13,751",309,"14,477",13,0,3,190,17,"13,751","175,726.65 ","112,166.00 ","73,962.00 ",105,104,"5,965",82,14,2,1,0,62,3
"55396, Winthrop, MN",55396,"2,068",7,9,6,6,"1,959","1,868",137,"1,931",2,5,1,71,11,"1,868","63,533.59 ","52,703.00 ","26,290.00 ",2,2,830,32,9,0,0,0,19,4
"55398, Zimmerman, MN",55398,"16,060",178,174,96,91,"15,362","15,232",235,"15,825",3,21,0,144,15,"15,232","84,524.72 ","77,583.00 ","28,386.00 ",32,32,"5,280",44,6,0,0,6,29,3
"55401, Minneapolis, MN",55401,"7,200",687,685,"1,132","1,115","4,978","4,750",344,"6,856",15,10,1,231,29,"4,750","116,620.20 ","92,845.00 ","69,361.00 ",348,348,"3,232",93,11,4,0,1,69,8
"55402, Minneapolis, MN",55402,642,68,68,215,213,324,304,28,614,1,1,0,21,2,304,"84,579.64 ","51,042.00 ","49,506.00 ",36,36,210,9,1,1,0,0,6,1
"55403, Minneapolis, MN",55403,"16,516","1,029","1,021","2,123","2,099","12,306","11,869",811,"15,705",27,25,9,432,90,"11,869","71,314.82 ","46,449.00 ","48,908.00 ",640,637,"8,587",401,85,14,3,10,247,42
"55404, Minneapolis, MN",55404,"27,886","1,067","1,045","9,815","9,585","11,524","10,266","4,395","23,491",125,308,11,"1,403",305,"10,266","44,611.60 ","27,006.00 ","22,471.00 ",506,503,"5,791","1,063",421,47,3,57,455,80
"55405, Minneapolis, MN",55405,"15,749","1,094","1,086","2,445","2,407","11,038","10,609",923,"14,826",33,27,6,437,82,"10,609","93,358.88 ","57,104.00 ","47,116.00 ",412,409,"6,049",280,68,18,3,6,162,22
"55406, Minneapolis, MN",55406,"33,473",992,979,"4,001","3,946","24,547","23,533","2,806","30,667",64,120,15,999,253,"23,533","78,485.26 ","62,712.00 ","36,143.00 ",327,324,"12,240",653,251,21,3,22,312,44
"55407, Minneapolis, MN",55407,"38,425","1,199","1,130","7,246","6,899","19,409","16,476","10,902","27,523",148,233,37,"3,250",656,"16,476","67,290.20 ","50,226.00 ","25,216.00 ",383,377,"9,127","2,208","1,151",58,6,38,831,124
"55408, Minneapolis, MN",55408,"32,118","1,245","1,192","5,611","5,361","19,031","17,225","6,742","25,376",125,197,25,"1,996",439,"17,225","68,133.25 ","48,423.00 ","33,009.00 ",599,589,"10,863","1,707",867,42,10,42,635,109
"55409, Minneapolis, MN",55409,"12,685",389,376,"1,968","1,906","8,399","7,810","1,924","10,761",28,37,7,640,140,"7,810","95,726.65 ","73,908.00 ","39,782.00 ",127,126,"3,976",391,178,12,1,4,170,26
"55410, Minneapolis, MN",55410,"19,958",710,702,709,696,"17,721","17,319",608,"19,350",16,14,12,393,43,"17,319","131,159.49 ","100,766.00 ","58,057.00 ",232,230,"8,243",149,23,4,2,2,109,9
"55411, Minneapolis, MN",55411,"28,995","4,414","4,371","15,925","15,608","4,951","4,306","2,586","26,409",237,84,20,759,217,"4,306","50,971.13 ","35,407.00 ","16,274.00 ",827,825,"2,325",517,198,65,2,10,196,46
"55412, Minneapolis, MN",55412,"23,962","2,453","2,434","8,694","8,573","10,044","9,481","1,703","22,259",98,36,12,598,142,"9,481","59,974.18 ","48,673.00 ","22,242.00 ",481,479,"5,062",370,138,29,2,7,172,22
"55413, Minneapolis, MN",55413,"13,305",538,529,"1,738","1,701","9,224","8,691","1,500","11,805",29,82,7,547,128,"8,691","70,544.01 ","54,812.00 ","32,733.00 ",197,194,"4,736",365,131,13,3,14,176,28
"55414, Minneapolis, MN",55414,"26,425","3,818","3,827","2,091","2,080","19,041","18,460",976,"25,449",20,36,8,550,76,"18,460","56,108.84 ","33,850.00 ","23,352.00 ","1,526","1,521","7,724",329,68,7,5,6,219,24
"55415, Minneapolis, MN",55415,"1,781",137,137,424,420,"1,092","1,055",69,"1,712",5,3,0,36,3,"1,055","108,925.12 ","69,471.00 ","60,484.00 ",72,72,664,22,4,1,0,1,14,2
"55416, Minneapolis, MN",55416,"30,044","1,254","1,263","1,593","1,576","25,746","25,082","1,113","28,931",30,14,2,631,91,"25,082","112,244.83 ","82,360.00 ","57,490.00 ",609,608,"13,574",359,84,8,1,1,242,23
"55417, Minneapolis, MN",55417,"25,880",681,675,"2,180","2,159","20,324","19,559","2,128","23,752",33,38,9,744,208,"19,559","92,776.37 ","79,295.00 ","40,352.00 ",193,190,"9,692",471,190,8,3,11,218,41
"55418, Minneapolis, MN",55418,"31,012","1,190","1,177","3,350","3,275","22,687","21,655","3,148","27,864",67,81,10,"1,047",390,"21,655","77,071.70 ","61,198.00 ","33,852.00 ",350,349,"11,123",697,290,15,1,13,306,72
"55419, Minneapolis, MN",55419,"27,235",813,808,"2,619","2,582","21,766","21,166","1,438","25,797",42,23,7,591,146,"21,166","125,256.34 ","99,822.00 ","52,319.00 ",240,237,"9,561",329,114,13,3,4,167,28
"55420, Minneapolis, MN",55420,"23,660","1,985","1,955","2,677","2,625","16,045","15,131","2,813","20,847",42,15,22,936,157,"15,131","67,329.28 ","56,588.00 ","28,855.00 ",627,622,"7,834",607,299,10,5,3,257,33
"55421, Minneapolis, MN",55421,"28,064","1,570","1,542","4,056","3,947","19,099","17,868","3,156","24,908",52,50,6,"1,332",192,"17,868","66,353.22 ","54,333.00 ","28,781.00 ",475,473,"9,404",698,300,14,2,12,331,39
"55422, Minneapolis, MN",55422,"29,950","1,104","1,094","3,485","3,415","23,418","22,755","1,342","28,608",85,20,15,637,118,"22,755","92,185.23 ","71,558.00 ","40,051.00 ",306,300,"10,900",315,87,19,6,5,176,22
"55423, Minneapolis, MN",55423,"36,859","2,520","2,448","3,683","3,518","24,744","22,373","6,892","29,967",89,72,19,"2,535",339,"22,373","76,337.41 ","60,947.00 ","32,648.00 ",814,811,"12,091","1,516",689,31,3,12,715,66
"55424, Minneapolis, MN",55424,"10,345",308,306,209,201,"9,520","9,357",241,"10,104",7,2,0,167,23,"9,357","201,930.45 ","146,293.00 ","73,276.00 ",80,80,"3,575",52,9,0,0,1,38,4
"55425, Minneapolis, MN",55425,"8,547",654,639,"1,381","1,346","5,074","4,693","1,433","7,114",16,22,6,414,82,"4,693","72,700.53 ","54,015.00 ","31,022.00 ",215,214,"2,557",322,173,4,1,2,118,24
"55426, Minneapolis, MN",55426,"26,471","1,267","1,269","2,548","2,533","20,851","20,234","1,290","25,181",34,20,8,579,137,"20,234","83,164.83 ","69,827.00 ","39,274.00 ",515,514,"10,318",339,103,14,1,5,185,31
"55427, Minneapolis, MN",55427,"22,560",986,980,"2,460","2,439","17,787","17,287",983,"21,577",38,13,13,471,93,"17,287","89,755.37 ","74,563.00 ","39,187.00 ",339,335,"8,157",244,70,11,4,5,138,16
"55428, Minneapolis, MN",55428,"31,342","1,981","1,956","6,936","6,823","19,058","17,949","3,182","28,160",83,44,16,"1,155",176,"17,949","65,596.23 ","52,904.00 ","26,249.00 ",520,518,"8,717",703,313,25,2,10,313,40
"55429, Minneapolis, MN",55429,"25,990","3,658","3,622","7,201","7,084","12,140","11,267","2,673","23,317",75,36,15,944,159,"11,267","64,300.50 ","52,644.00 ","24,212.00 ",786,783,"5,728",563,267,23,3,6,237,27
"55430, Minneapolis, MN",55430,"22,016","2,938","2,905","6,314","6,236","9,905","9,208","2,321","19,695",47,38,19,748,165,"9,208","67,355.39 ","54,778.00 ","24,587.00 ",616,613,"4,788",482,247,9,3,12,192,19
"55431, Minneapolis, MN",55431,"18,779","1,072","1,075",996,971,"15,626","15,164",925,"17,854",32,15,5,443,70,"15,164","85,660.76 ","72,839.00 ","36,981.00 ",363,362,"7,096",200,59,9,1,2,112,17
"55432, Minneapolis, MN",55432,"30,954","1,767","1,721","3,203","3,120","23,059","22,198","2,232","28,722",45,47,26,938,186,"22,198","73,702.44 ","61,310.00 ","30,546.00 ",502,494,"10,579",501,187,14,8,13,246,33
"55433, Minneapolis, MN",55433,"34,089","1,327","1,315","2,282","2,239","28,318","27,671","1,308","32,781",31,22,5,673,134,"27,671","77,011.33 ","63,683.00 ","30,762.00 ",311,310,"12,112",321,103,6,1,7,188,16
"55434, Minneapolis, MN",55434,"29,938","2,095","2,085","1,409","1,399","24,823","24,238","1,140","28,798",5,14,2,602,92,"24,238","77,515.93 ","69,744.00 ","29,784.00 ",514,514,"10,232",268,89,1,0,4,159,15
"55435, Minneapolis, MN",55435,"13,021","1,937","1,938",837,827,"9,692","9,443",424,"12,597",13,9,7,237,27,"9,443","93,948.00 ","63,354.00 ","50,752.00 ",776,773,"5,728",135,27,6,3,3,88,8
"55436, Minneapolis, MN",55436,"13,703",539,541,225,226,"12,595","12,417",241,"13,462",0,2,1,173,21,"12,417","137,230.28 ","104,056.00 ","58,388.00 ",161,161,"5,514",58,10,0,0,1,44,3
"55437, Minneapolis, MN",55437,"17,789",984,986,"1,069","1,059","14,889","14,507",663,"17,126",18,4,5,364,46,"14,507","95,176.55 ","77,390.00 ","42,652.00 ",334,334,"7,011",170,44,6,0,2,109,9
"55438, Minneapolis, MN",55438,"16,807",971,978,596,587,"14,579","14,319",411,"16,396",13,10,0,246,36,"14,319","128,261.13 ","90,341.00 ","58,010.00 ",324,324,"6,882",106,21,3,0,2,75,5
"55439, Minneapolis, MN",55439,"9,123",498,495,272,272,"8,072","7,910",233,"8,890",2,3,7,155,16,"7,910","155,362.37 ","117,765.00 ","61,429.00 ",147,147,"3,334",57,9,0,0,1,43,4
"55441, Minneapolis, MN",55441,"18,917","1,044","1,040","1,539","1,533","15,319","14,870",855,"18,062",11,11,7,440,68,"14,870","110,299.13 ","82,970.00 ","47,184.00 ",393,391,"6,862",225,74,5,2,1,130,13
"55442, Minneapolis, MN",55442,"14,359",807,818,587,591,"12,474","12,248",339,"14,020",4,2,1,202,27,"12,248","126,986.97 ","101,118.00 ","52,466.00 ",265,265,"5,350",83,23,1,0,0,55,4
"55443, Minneapolis, MN",55443,"35,380","6,201","6,186","8,694","8,641","18,038","17,420","1,594","33,786",51,28,14,621,126,"17,420","96,362.20 ","78,857.00 ","32,623.00 ","1,429","1,426","7,337",346,147,8,3,6,158,24
"55444, Minneapolis, MN",55444,"16,543","3,354","3,344","3,184","3,168","8,830","8,496",787,"15,756",14,7,7,339,75,"8,496","95,030.61 ","80,229.00 ","31,341.00 ",723,720,"3,629",146,57,2,3,1,73,10
"55445, Minneapolis, MN",55445,"9,092","1,941","1,926","1,955","1,937","4,570","4,402",409,"8,683",17,4,15,169,27,"4,402","93,755.09 ","84,294.00 ","32,556.00 ",446,444,"2,033",95,33,5,2,2,50,3
"55446, Minneapolis, MN",55446,"19,313","2,757","2,759",927,921,"14,914","14,535",556,"18,757",10,1,11,360,40,"14,535","156,278.77 ","119,461.00 ","60,579.00 ",852,849,"6,201",138,23,4,3,0,106,2
"55447, Minneapolis, MN",55447,"21,492","1,178","1,177","1,216","1,203","18,290","17,912",575,"20,917",19,8,6,365,62,"17,912","120,355.10 ","92,919.00 ","49,185.00 ",371,370,"7,894",136,26,1,1,0,102,6
"55448, Minneapolis, MN",55448,"29,402","1,240","1,227","1,670","1,631","25,020","24,598",876,"28,526",27,19,4,450,101,"24,598","93,928.69 ","79,268.00 ","34,647.00 ",290,290,"9,817",201,53,6,0,5,121,16
"55449, Minneapolis, MN",55449,"24,525","2,878","2,842","1,031","1,014","19,431","19,014",764,"23,761",11,10,19,444,58,"19,014","116,474.20 ","100,510.00 ","41,492.00 ",782,777,"7,460",176,48,3,5,2,110,8
"55450, Minneapolis, MN",55450,0,0,0,0,0,0,0,0,0,0,0,0,0,0,0,0.00 ,0.00 ,0.00 ,0,0,0,0,0,0,0,0,0,0
"55454, Minneapolis, MN",55454,"11,843","1,410","1,406","3,991","3,979","5,790","5,604",386,"11,457",15,9,5,182,29,"5,604","31,221.99 ","18,076.00 ","10,162.00 ",474,472,946,68,23,6,2,1,31,5
"55455, Minneapolis, MN",55455,26,3,2,1,1,21,21,1,25,0,0,0,1,0,21,"86,400.00 ","87,500.00 ","7,462.00 ",0,0,1,0,0,0,0,0,0,0
"56011, Belle Plaine, MN",56011,"9,198",143,135,80,75,"8,674","8,597",183,"9,015",1,0,1,100,12,"8,597","86,838.19 ","75,719.00 ","31,523.00 ",26,26,"3,183",34,12,0,0,0,21,1
"56017, Cleveland, MN",56017,"1,800",5,8,2,3,"1,769","1,741",31,"1,769",0,0,0,17,2,"1,741","82,685.69 ","74,468.00 ","32,606.00 ",1,1,704,6,2,0,0,0,4,0
"56044, Henderson, MN",56044,"2,411",10,12,3,4,"2,349","2,293",68,"2,343",0,0,0,48,4,"2,293","75,170.72 ","66,781.00 ","28,973.00 ",2,2,921,14,4,0,0,0,10,0
"56050, Kasota, MN",56050,"1,528",6,7,10,12,"1,481","1,453",30,"1,498",0,0,0,20,3,"1,453","71,941.15 ","62,774.00 ","29,382.00 ",1,1,616,6,2,0,0,0,3,1
"56057, Le Center, MN",56057,"4,403",41,50,10,11,"4,120","3,732",556,"3,847",1,1,0,367,6,"3,732","78,529.50 ","63,753.00 ","30,237.00 ",8,8,"1,605",139,46,1,0,0,91,1
"56313, Bock, MN",56313,118,1,0,1,1,115,115,1,117,0,0,0,1,0,115,"74,905.90 ","65,625.00 ","26,661.00 ",0,0,42,0,0,0,0,0,0,0
"56359, Onamia, MN",56359,"3,792",14,11,37,36,"2,528","2,505",75,"3,717",1,17,3,24,8,"2,505","51,420.16 ","38,700.00 ","20,632.00 ",4,3,"1,094",14,4,0,1,2,6,1
"56363, Pease, MN",56363,191,0,0,0,0,190,189,1,190,0,0,0,1,0,189,"78,737.24 ","64,063.00 ","27,208.00 ",0,0,66,0,0,0,0,0,0,0
"56386, Wahkon, MN",56386,436,1,0,0,0,390,387,6,430,0,2,1,1,1,387,"65,206.88 ","45,500.00 ","27,740.00 ",0,0,173,1,0,0,0,1,0,0
