Name,FIPS,"# Population, 2014","# Asian Population, Alone, 2014","# Population, Not Hispanic, Asian Alone, 2014","# Black Population, Alone, 2014","# Population, Not Hispanic, Black Alone, 2014","# White Population, Alone, 2014","# Population, Not Hispanic, White Alone, 2014","# Hispanic Population, 2014","# Population, Not Hispanic, 2014","# Population, Hispanic, Black Alone, 2014","# Population, Hispanic, American Indian and Alaska Native Alone, 2014","# Population, Hispanic, Asian Alone, 2014","# Population, Hispanic, White Alone, 2014","# Population, Hispanic, Two or More Races, 2014","# Population, Hispanic, Other Race Alone, 2014","# White Non-Hispanic Population, 2014","Average Household Income, 2014","Median Household Income, 2014","Household Income, Per Capita ($), 2014","# Asian Households, 2014","# Asian Non-Hispanic Head of Households, 2014","# White Households, 2014","# Hispanic Households, 2014","# Hispanic Head of Households, Other Race Alone, 2014","# Hispanic Head of Households, Black Alone, 2014","# Hispanic Head of Households, Asian Alone, 2014","# Hispanic Head of Households, American Indian and Alaska Native Alone, 2014","# Hispanic Head of Households, White Alone, 2014","# Hispanic Head of Households, Two or More Races, 2014"
"42101, Bowling Green, KY",42101,58805,1684,1579,8110,7657,45208,44265,4013,54792,87,21,30,1446,382,2047,44265,49158.85997,38382,18636,381,373,17164,869,439,18,8,6,325,73
"40475, Richmond, KY",40475,56327,690,683,3536,3498,50522,49811,1255,55072,33,7,6,718,143,348,49811,64491.42062,46665,25709,229,227,19771,399,122,11,2,3,232,28
"41042, Florence, KY",41042,51446,1532,1489,1896,1851,45085,43894,2841,48605,25,22,28,1240,168,1358,43894,72350.54528,62283,28506,517,513,18247,792,321,6,4,5,409,47
"40601, Frankfort, KY",40601,50794,833,805,5881,5733,41832,41432,1478,49316,44,21,13,544,143,713,41432,70190.18796,55391,30016,290,289,18478,399,170,12,1,3,189,23
"42701, Elizabethtown, KY",42701,50216,1309,1264,4774,4604,41763,40753,1940,48276,99,14,26,1125,219,457,40753,71472.75887,55970,28558,352,345,17059,592,144,29,7,6,378,28
"40214, Louisville, KY",40214,45988,2964,2818,7365,6819,32755,30452,4630,41358,344,42,62,2627,284,1271,30452,58587.4003,47166,24016,846,836,14106,1412,380,114,10,8,851,49
"40324, Georgetown, KY",40324,45063,509,468,2945,2732,39695,38994,2240,42823,47,30,12,934,193,1024,38994,80641.24207,67818,29873,111,111,15002,537,198,11,0,5,304,19
"42301, Owensboro, KY",42301,43548,342,331,3475,3548,38332,37597,1268,42280,20,19,20,612,119,478,37597,59702.07447,48775,25231,69,66,16376,295,115,10,3,3,150,14
"40216, Louisville, KY",40216,43061,404,384,15605,15514,25314,24507,1618,41443,97,10,20,801,199,491,24507,56845.01849,46441,23507,109,103,10819,430,127,29,6,2,240,26
"40356, Nicholasville, KY",40356,42027,424,372,1354,1184,38670,38329,1239,40788,11,8,2,670,91,457,38329,76218.36274,55032,28618,92,92,14612,310,111,4,0,4,175,16
"42240, Hopkinsville, KY",42240,41997,484,479,10662,10747,29115,28265,1418,40579,44,43,11,701,217,402,28265,58387.99535,45116,24261,155,151,12081,416,119,16,4,12,235,30
"41017, Ft Mitchell, KY",41017,39954,876,835,689,653,37413,36972,829,39125,8,5,6,532,44,234,36972,96869.53762,74061,38734,274,270,15028,225,55,3,4,0,154,9
"40229, Louisville, KY",40229,38841,493,484,2612,2568,34334,33350,1565,37276,60,17,12,960,129,387,33350,66794.83012,58495,24926,144,141,13124,370,84,11,3,5,253,14
"42420, Henderson, KY",42420,38779,228,223,3541,3560,33766,33255,799,37980,23,12,8,454,88,214,33255,62556.17613,46509,26061,60,58,14242,184,57,5,2,4,101,15
"40299, Louisville, KY",40299,38368,788,786,3474,3453,32653,31737,1554,36814,66,23,12,850,123,480,31737,92698.30248,77966,36537,238,235,13136,386,114,15,3,5,233,16
"40219, Louisville, KY",40219,38277,664,595,9292,8632,25231,22990,4987,33290,377,78,49,2579,280,1624,22990,54553.77417,45523,22305,207,197,10673,1335,403,108,10,12,746,56
"42303, Owensboro, KY",42303,38248,519,518,1752,1772,34874,34081,1238,37010,27,4,15,714,76,402,34081,64002.88755,48879,26161,115,112,14265,280,86,5,3,2,166,18
"40272, Louisville, KY",40272,37822,307,310,1731,1745,34366,33641,1085,36737,35,14,6,638,104,288,33641,63466.28877,52880,24211,100,99,13360,268,70,11,1,7,168,11
"40517, Lexington, KY",40517,36916,1007,1036,6973,7120,26361,24871,2223,34693,95,10,6,1156,218,738,24871,55018.88532,44532,25473,408,406,12978,668,188,32,2,4,386,56
"40291, Louisville, KY",40291,36711,580,569,4367,4312,30151,29214,1694,35017,93,21,16,886,158,520,29214,79861.91242,69066,31843,174,172,12376,400,128,23,2,3,226,18
"40515, Lexington, KY",40515,35414,1344,1411,2559,2672,30138,29252,993,34421,30,2,9,609,94,249,29252,99894.89792,74910,40772,432,430,12605,305,71,10,2,0,203,19
"40165, Shepherdsville, KY",40165,35073,158,161,209,212,33979,33727,386,34687,3,6,1,226,46,104,33727,68957.46407,58275,25901,31,30,12710,102,31,2,1,2,59,7
"40391, Winchester, KY",40391,35038,161,159,1934,2047,32150,31454,954,34084,18,6,12,527,88,303,31454,67810.85011,51075,27318,30,26,13172,226,75,11,4,4,115,17
"40509, Lexington, KY",40509,34904,1789,1813,5068,5135,26250,25182,1806,33098,61,20,21,872,123,709,25182,98124.24035,73659,41594,602,592,11623,567,198,22,10,4,294,39
"40220, Louisville, KY",40220,33146,1156,1134,5066,4944,25504,24504,1800,31346,92,17,15,1041,119,516,24504,74093.66414,59198,33139,455,450,11608,547,143,27,5,6,340,26
"40511, Lexington, KY",40511,32679,529,500,10478,10210,18403,16506,4514,28165,184,47,25,1993,253,2012,16506,71615.8273,59952,26999,172,163,6922,1116,489,43,9,9,503,63
"40218, Louisville, KY",40218,32185,799,759,12421,11988,16671,15202,3152,29033,186,21,24,1754,245,922,15202,55148.85866,42252,24018,258,256,7693,891,238,56,2,4,545,46
"40207, Louisville, KY",40207,30607,730,720,1109,1089,27910,27368,878,29729,24,11,12,534,65,232,27368,104949.3318,74264,49558,295,294,13374,274,70,5,1,2,183,13
"42071, Murray, KY",42071,30472,785,814,1270,1322,27656,27063,782,29690,14,19,11,463,46,229,27063,57458.14245,42906,24729,263,260,11660,229,59,3,3,8,141,15
"42003, Paducah, KY",42003,30440,290,282,3347,3291,25598,25289,735,29705,23,19,5,354,60,274,25289,57653.02228,44491,25240,83,81,11436,164,48,8,2,4,93,9
"42104, Bowling Green, KY",42104,30399,1592,1496,2031,1908,25798,25606,908,29491,17,10,13,408,97,363,25606,74489.74936,59940,31145,367,362,11074,213,79,2,5,1,107,19
"42141, Glasgow, KY",42141,30045,176,151,1514,1531,27302,26842,915,29130,19,9,29,405,124,329,26842,54946.72797,42695,22566,51,42,11468,228,77,5,9,5,114,17
"40245, Louisville, KY",40245,30038,1735,1738,3000,2995,24385,23709,911,29127,38,2,16,617,87,151,23709,135266.6151,106713,49313,527,522,9012,244,37,8,5,0,185,9
"40503, Lexington, KY",40503,29874,1431,1508,1029,1060,26277,25349,1356,28518,31,11,11,743,94,466,25349,79793.95942,64396,34566,545,542,11576,419,136,14,3,4,245,17
"40241, Louisville, KY",40241,29638,2232,2201,3152,3090,23045,22247,1343,28295,51,11,23,819,95,344,22247,110553.0464,88252,46083,738,732,9901,376,87,11,6,0,258,14
"41051, Independence, KY",41051,29057,312,295,408,390,27590,27289,534,28523,1,11,4,355,23,140,27289,81739.70557,75226,27772,90,89,9505,105,20,0,1,2,78,4
"40004, Bardstown, KY",40004,29028,165,162,2254,2236,25718,25399,710,28318,14,3,3,324,81,285,25399,66122.71012,51041,26265,48,46,10314,172,57,11,2,1,92,8
"40065, Shelbyville, KY",40065,28845,159,139,2565,2547,23917,21754,3650,25195,114,28,25,2033,186,1264,21754,72625.68867,59417,27724,39,37,9013,848,370,20,2,6,412,38
"40701, Corbin, KY",40701,28638,148,138,63,58,27899,27743,278,28360,2,10,2,193,29,42,27743,47913.73926,35628,19386,40,39,11242,70,10,1,1,4,50,4
"40504, Lexington, KY",40504,28035,481,414,3727,3568,20004,18032,5364,22671,123,52,63,2018,265,2843,18032,53429.3252,38719,23706,186,169,9241,1522,753,57,17,19,601,75
"40505, Lexington, KY",40505,27566,257,240,5857,5896,19279,18086,2546,25020,72,24,21,1064,166,1199,18086,51261.8603,40294,21721,97,88,8394,714,319,31,9,7,310,38
"40258, Louisville, KY",40258,27488,249,248,3201,3231,23152,22678,728,26760,35,4,6,392,76,215,22678,65479.56277,55804,25751,71,69,9376,174,44,7,2,2,108,11
"42431, Madisonville, KY",42431,27186,265,261,2828,2869,23108,22763,546,26640,9,3,8,279,74,173,22763,58883.67398,44377,25417,59,57,9744,98,44,1,2,1,41,9
"41018, Erlanger, KY",41018,27153,277,269,1141,1092,24084,23551,1453,25700,15,16,0,600,110,712,23551,72752.45178,59426,28227,88,88,9523,323,142,3,0,3,161,14
"40502, Lexington, KY",40502,26734,901,937,1313,1354,23563,22916,971,25763,28,19,12,501,59,352,22916,97604.03784,61161,46915,322,319,11551,327,105,9,3,5,180,25
"42001, Paducah, KY",42001,26351,327,323,3931,3884,21155,20897,553,25798,19,6,2,292,54,180,20897,72903.34293,52437,32928,100,100,9928,120,29,7,0,2,71,11
"40403, Berea, KY",40403,26115,257,256,787,778,24384,24079,533,25582,13,20,2,299,83,116,24079,58477.59947,49202,22685,68,67,9350,134,32,4,1,3,83,11
"41005, Burlington, KY",41005,25367,411,401,608,586,23600,23196,661,24706,14,9,4,426,44,164,23196,90166.69619,77922,32117,136,135,8436,159,29,1,1,1,114,13
"41011, Covington, KY",41011,25321,285,231,3258,3186,20097,19736,1240,24081,44,16,52,400,84,644,19736,63818.25949,44383,29915,117,97,9393,303,132,14,20,7,111,19
"40508, Lexington, KY",40508,25003,848,835,7119,7089,15758,14953,1500,23503,64,30,17,764,102,523,14953,43421.71882,25241,19066,357,352,5582,407,143,21,5,11,191,36
"40205, Louisville, KY",40205,24175,385,399,673,685,22541,22118,503,23672,13,14,1,365,49,61,22118,95865.59343,74620,43887,113,112,10373,156,14,3,1,4,125,9
"42718, Campbellsville, KY",42718,24086,118,117,1383,1366,21911,21721,408,23678,6,1,0,206,50,145,21721,51980.89072,40680,21403,36,36,8993,84,44,2,0,0,35,3
"40031, La Grange, KY",40031,23963,171,148,1875,1778,20654,20260,1224,22739,39,15,18,475,106,571,20260,85421.48557,71852,26612,37,34,6603,274,119,5,3,4,132,11
"40160, Radcliff, KY",40160,23581,994,963,5732,5443,14544,13716,1982,21599,209,19,17,944,274,519,13716,63108.77609,51668,24912,291,286,6151,642,213,63,5,9,322,30
"40422, Danville, KY",40422,23450,185,186,1790,1836,20465,19972,762,22688,14,7,5,403,92,241,19972,67309.9484,49492,27640,45,45,8101,189,63,4,0,2,110,10
"42066, Mayfield, KY",42066,23372,81,70,1665,1726,20149,18956,2005,21367,19,13,14,1082,90,787,18956,54125.98533,40736,22491,17,15,8384,365,164,3,2,3,183,10
"40383, Versailles, KY",40383,23124,118,91,1377,1192,20293,19770,1772,21352,25,14,15,735,178,805,19770,81929.06874,63952,32490,24,23,8163,290,147,2,1,2,123,15
"40211, Louisville, KY",40211,23003,15,15,21532,21406,828,798,237,22766,123,14,0,33,40,27,798,40052.23679,28346,16065,4,4,346,65,12,35,0,0,10,7
"42503, Somerset, KY",42503,22582,211,217,274,278,21693,21335,532,22050,5,5,1,334,20,167,21335,64332.69441,45689,26016,41,40,8848,119,34,3,1,0,78,3
"40222, Louisville, KY",40222,22528,1036,1024,1852,1804,18768,18121,1074,21454,41,6,8,660,72,287,18121,96789.15171,70448,45886,420,418,8932,340,84,8,2,1,233,12
"41501, Pikeville, KY",41501,22487,248,244,291,295,21590,21478,185,22302,0,0,6,104,24,51,21478,59573.08722,41590,25358,61,61,9098,51,14,0,0,0,32,5
"40223, Louisville, KY",40223,22386,794,791,2062,2030,18615,18042,1059,21327,44,7,8,554,93,353,18042,102960.6462,77179,43775,273,272,8069,275,92,14,1,1,149,18
"40741, London, KY",40741,22254,112,109,155,144,21598,21435,294,21960,8,16,1,173,20,76,21435,55783.64259,41163,22459,34,34,8583,87,22,0,0,5,55,5
"41102, Ashland, KY",41102,21887,134,129,933,896,20484,20312,322,21565,21,5,3,194,34,65,20312,65477.88701,47500,25519,29,28,8032,39,6,1,1,0,27,4
"40353, Mount Sterling, KY",40353,21770,90,91,639,627,20444,20052,718,21052,24,6,1,374,80,233,20052,59001.77037,43771,23797,22,21,8194,179,58,11,1,2,93,12
"40342, Lawrenceburg, KY",40342,21573,98,93,529,512,20557,20422,311,21262,6,2,3,152,24,124,20422,69822.89904,58538,27301,24,24,8123,74,24,2,0,1,43,4
"40215, Louisville, KY",40215,21539,404,384,7135,6971,12536,11862,1488,20051,115,23,17,732,125,476,11862,41917.75085,31534,16879,107,102,5466,365,99,36,5,5,203,17
"41071, Newport, KY",41071,21325,166,133,1704,1634,18388,18083,765,20560,21,21,29,380,80,234,18083,59885.66465,43803,26262,68,62,7984,162,54,1,6,5,83,13
"41015, Latonia, KY",41015,21159,151,147,575,551,19647,19479,380,20779,14,4,1,193,45,123,19479,70190.18828,55476,28032,53,52,7935,74,21,4,1,3,37,8
"40014, Crestwood, KY",40014,20830,308,289,575,536,19225,18995,656,20174,10,7,3,294,96,246,18995,112774.8013,95133,38598,75,72,6715,155,58,1,3,1,80,12
"40351, Morehead, KY",40351,20456,141,135,275,260,19683,19528,289,20167,8,1,2,173,35,70,19528,52899.81566,38203,20811,36,35,7469,59,16,0,1,0,35,7
"40203, Louisville, KY",40203,20282,198,197,12636,12577,6649,6428,420,19862,65,4,1,215,68,67,6428,32324.68405,21380,16012,81,80,3354,152,24,28,1,1,82,16
"40047, Mount Washington, KY",40047,19987,81,77,108,108,19422,19241,258,19729,1,1,4,178,28,46,19241,76591.09044,67272,28988,23,22,7317,65,12,0,1,0,47,5
"42223, Fort Campbell, KY",42223,19966,664,622,3249,2983,13848,12208,3109,16857,205,64,29,1736,385,690,12208,52048.06435,42205,10371,118,114,2796,600,162,40,4,15,335,44
"42103, Bowling Green, KY",42103,19772,702,649,962,895,17536,17395,516,19256,1,4,5,278,46,182,17395,91907.44909,65185,37898,162,162,7378,118,42,0,0,1,68,7
"40330, Harrodsburg, KY",40330,19764,77,80,673,699,18191,17920,550,19214,13,9,1,200,38,289,17920,62076.46286,50149,25439,22,21,7557,141,68,5,1,3,60,4
"42633, Monticello, KY",42633,19389,73,61,330,296,18323,18167,669,18720,10,10,7,200,35,407,18167,41200.6344,31079,17679,14,13,7660,178,105,2,1,2,64,3
"40206, Louisville, KY",40206,19216,537,533,2091,2063,15907,15506,632,18584,33,7,5,394,59,134,15506,73076.3782,49108,37346,242,240,8027,198,48,3,2,1,126,18
"42025, Benton, KY",42025,18923,40,33,38,36,18568,18417,260,18663,0,1,5,166,22,66,18417,60858.1226,50064,25529,8,7,7781,53,10,0,1,1,39,2
"40361, Paris, KY",40361,18719,55,47,1068,1167,16540,15635,1482,17237,30,22,13,729,105,583,15635,62811.72063,46142,25461,11,11,6734,335,135,12,0,5,172,11
"41101, Ashland, KY",41101,18499,144,138,610,590,17284,17143,282,18217,8,3,3,164,46,58,17143,60554.07101,39209,26321,43,41,7493,81,16,3,2,2,49,9
"40212, Louisville, KY",40212,18348,28,28,11510,11461,6238,6125,213,18135,56,3,0,106,33,15,6125,39946.55465,30890,15399,4,4,2479,54,5,15,0,2,25,7
"41076, Newport, KY",41076,18160,235,223,556,535,17049,16960,181,17979,5,1,5,121,12,37,16960,77576.68031,64645,32710,76,74,7012,46,13,0,2,0,28,3
"41091, Union, KY",41091,18015,738,719,206,196,16680,16487,321,17694,5,3,2,221,34,56,16487,114743.4259,100218,39216,213,213,5820,79,10,1,0,1,61,6
"41001, Alexandria, KY",41001,17846,93,95,98,91,17422,17329,141,17705,11,2,2,78,29,19,17329,86823.54751,78059,31205,20,20,6310,30,6,2,0,0,19,3
"40744, London, KY",40744,17717,127,123,102,98,17140,17026,226,17491,3,5,2,121,21,74,17026,59005.07661,46949,22880,34,33,6694,63,16,1,1,1,42,2
"40213, Louisville, KY",40213,17607,219,191,3662,3460,12622,12022,1541,16066,126,20,24,688,120,563,12022,57153.95467,42433,24779,85,81,5596,417,160,38,4,4,189,22
"40228, Louisville, KY",40228,17605,430,422,2720,2680,13754,13221,905,16700,42,4,8,531,78,242,13221,76861.03434,69844,30295,123,122,5637,227,54,10,1,1,150,11
"40769, Williamsburg, KY",40769,17497,59,54,171,167,16891,16813,161,17336,1,2,4,87,39,28,16813,45083.03353,32176,17464,14,14,6302,30,7,0,0,1,16,6
"40059, Prospect, KY",40059,17201,934,925,796,784,15084,14826,388,16813,6,2,3,272,28,77,14826,168570.5414,130376,61001,275,274,5526,95,18,1,1,0,70,5
"42501, Somerset, KY",42501,16970,109,107,390,395,15994,15725,484,16486,4,0,5,251,17,207,15725,47773.51786,31647,20418,24,24,6818,94,40,2,0,0,49,3
"42164, Scottsville, KY",42164,16865,29,32,135,146,16330,16111,298,16567,4,2,0,171,48,73,16111,53224.66238,42561,21409,5,5,6520,73,14,2,0,0,47,10
"42134, Franklin, KY",42134,16862,103,102,1853,1882,14457,14218,338,16524,10,5,3,191,29,100,14218,57067.00321,45883,23116,36,34,5690,74,16,2,2,2,49,3
"42728, Columbia, KY",42728,16423,38,42,416,506,15602,15286,318,16105,5,2,4,162,25,120,15286,47170.21345,34851,19080,14,14,6158,71,27,4,0,0,39,1
"41048, Hebron, KY",41048,16234,361,355,361,343,14915,14665,489,15745,16,4,4,256,44,165,14665,108818.4317,97565,35677,111,111,4974,118,30,4,0,1,78,5
"41075, Fort Thomas, KY",41075,16051,118,108,275,259,15352,15211,250,15801,3,2,4,172,23,46,15211,88923.66682,67988,37865,39,37,6471,60,11,1,2,0,40,6
"41031, Cynthiana, KY",41031,15629,46,44,335,329,14895,14665,349,15280,7,2,2,228,26,84,14665,57503.12643,44273,23247,8,8,5919,78,27,2,0,0,48,1
"40962, Manchester, KY",40962,15465,20,19,781,741,14333,14072,425,15040,15,2,0,294,15,99,14072,39391.52081,27975,16142,2,2,5152,20,6,0,0,0,13,1
"40514, Lexington, KY",40514,15233,915,963,649,672,13214,12842,390,14843,15,3,6,259,48,59,12842,106185.9574,89092,39740,240,239,5132,109,16,6,1,0,80,6
"42276, Russellville, KY",42276,15148,76,76,1500,1478,12970,12807,495,14653,20,10,0,165,43,257,12807,55078.95968,40588,22554,14,14,5334,120,49,6,0,3,56,6
"40210, Louisville, KY",40210,15102,31,29,12904,12837,1657,1601,219,14883,69,1,2,54,55,38,1601,38035.28908,27311,15700,5,5,490,53,13,17,0,1,14,7
"41701, Hazard, KY",41701,14749,75,76,397,397,13996,13950,78,14671,3,0,0,41,4,30,13950,55668.52043,41979,22842,27,27,5699,20,7,3,0,0,10,0
"40204, Louisville, KY",40204,14514,226,226,2099,2104,11711,11468,303,14211,17,12,2,215,22,35,11468,78614.73199,49003,42036,108,106,6368,114,12,5,2,5,82,8
"42754, Leitchfield, KY",42754,14219,72,65,252,241,13713,13607,179,14040,5,5,5,118,19,27,13607,52441.501,39579,20901,13,12,5403,40,6,0,1,1,26,6
"41056, Maysville, KY",41056,14154,108,109,1201,1234,12499,12338,212,13942,3,3,2,114,31,59,12338,60072.26824,43396,24998,28,27,5237,39,10,0,1,0,23,5
"40444, Lancaster, KY",40444,13893,36,33,303,292,13130,13005,366,13527,11,2,3,125,24,201,13005,59767.68918,48951,23909,6,6,5296,65,28,3,0,1,32,1
"40208, Louisville, KY",40208,13858,247,239,5061,5005,7695,7401,604,13254,61,4,8,288,96,147,7401,43724.31628,29327,18995,109,106,3345,168,43,16,3,2,87,17
"40071, Taylorsville, KY",40071,13853,69,80,174,204,13349,13138,218,13635,1,2,1,136,24,54,13138,83217.50767,70464,30388,17,17,4859,49,14,1,0,2,30,2
"41143, Grayson, KY",41143,13734,51,52,105,122,13337,13155,239,13495,2,1,7,128,16,85,13155,53579.88311,40888,21833,14,11,5195,50,17,0,3,0,28,2
"40175, Vine Grove, KY",40175,13524,304,296,1147,1142,11452,11150,485,13039,15,4,10,287,73,96,11150,68694.45564,56183,25255,71,70,4347,131,36,5,1,1,81,7
"42211, Cadiz, KY",42211,13451,54,56,879,925,12176,11987,191,13260,0,1,1,125,18,46,11987,62577.38284,48331,26071,11,11,5060,51,9,0,0,1,37,4
"40217, Louisville, KY",40217,13424,411,421,1099,1117,11473,11292,261,13163,13,7,1,130,64,46,11292,55445.1079,46419,26275,176,175,5443,80,12,3,1,3,47,14
"40965, Middlesboro, KY",40965,13266,94,85,411,400,12299,12261,96,13170,7,1,8,46,10,24,12261,40154.24704,28712,17515,27,25,5289,30,6,2,2,0,19,1
"40033, Lebanon, KY",40033,13239,123,135,1342,1507,11203,10809,487,12752,9,4,4,168,30,272,10809,54802.40908,43664,21445,39,37,4261,98,47,2,2,0,44,3
"42642, Russell Springs, KY",42642,13050,25,31,29,45,12596,12116,595,12455,6,12,9,315,30,223,12116,44212.44236,31435,18607,6,5,5337,131,69,1,1,2,55,3
"40336, Irvine, KY",40336,12958,14,14,34,33,12760,12708,93,12865,1,2,0,53,18,19,12708,44256.86865,33344,18146,3,3,5199,22,1,1,0,1,15,4
"41094, Walton, KY",41094,12673,151,144,140,131,12057,11916,280,12393,4,2,1,161,14,98,11916,85570.2205,74058,30456,53,53,4349,62,16,0,0,0,43,3
"40484, Stanford, KY",40484,12635,28,27,624,619,11646,11535,258,12377,3,2,1,114,16,122,11535,48861.90164,39234,19795,8,7,4697,64,27,2,1,1,32,1
"40108, Brandenburg, KY",40108,11939,67,74,218,236,11283,11075,209,11730,7,1,1,138,37,25,11075,67184.21887,55732,26307,11,11,4316,56,8,3,0,0,39,6
"41465, Salyersville, KY",41465,11900,7,7,19,19,11728,11680,104,11796,0,9,0,46,18,31,11680,41361.01076,30154,16739,0,0,4676,34,7,0,0,2,19,6
"40513, Lexington, KY",40513,11749,1555,1591,354,358,9533,9270,265,11484,4,0,2,212,17,30,9270,140163.8922,116978,53339,426,426,3789,73,6,1,0,0,65,1
"41230, Louisa, KY",41230,11525,32,33,25,24,11344,11315,50,11475,1,0,0,26,1,22,11315,48102.37027,36067,19040,3,3,4498,14,5,0,0,0,9,0
"41164, Olive Hill, KY",41164,11477,8,8,32,36,11324,11238,102,11375,0,1,1,70,19,11,11238,49527.42353,37751,19386,1,1,4439,24,1,0,0,1,21,1
"41653, Prestonsburg, KY",41653,11461,30,31,90,91,11193,11133,107,11354,1,0,0,55,11,40,11133,47183.2308,33913,19797,11,11,4652,23,10,0,0,0,12,1
"42445, Princeton, KY",42445,11368,41,42,675,695,10438,10303,145,11223,4,4,0,105,5,27,10303,57692.54768,44197,24179,10,10,4362,35,6,1,0,4,24,0
"41035, Dry Ridge, KY",41035,11213,87,86,51,50,10794,10604,332,10881,2,3,3,183,15,126,10604,69862.50385,55738,24366,22,20,3803,65,25,2,2,0,34,0
"42345, Greenville, KY",42345,11173,27,26,625,608,10381,10308,130,11043,6,0,0,87,17,20,10308,62587.95793,46256,26766,6,6,4053,17,4,0,0,0,11,2
"40243, Louisville, KY",40243,10992,254,248,796,785,9584,9319,438,10554,13,3,7,261,19,135,9319,93986.45654,76043,40987,81,79,4280,122,36,2,2,2,76,4
"40242, Louisville, KY",40242,10865,272,273,979,970,9135,8808,549,10316,19,5,2,312,49,162,8808,85008.64571,68669,37432,104,103,4130,126,33,3,1,1,80,8
"42261, Morgantown, KY",42261,10022,15,19,51,67,9665,9484,347,9675,1,14,1,132,14,185,9484,48651.49036,40037,19534,5,5,3885,89,52,0,0,2,32,3
"41129, Catlettsburg, KY",41129,9989,34,32,49,48,9792,9745,72,9917,0,2,1,50,3,16,9745,68888.56998,54624,26916,7,7,3801,20,4,0,0,1,15,0
"41472, West Liberty, KY",41472,9885,55,50,533,519,9151,9100,97,9788,1,1,4,68,6,17,9100,54451.9473,34145,19178,10,10,3223,10,1,0,0,0,9,0
"42330, Central City, KY",42330,9610,21,21,625,613,8753,8663,186,9424,1,0,0,103,20,62,8663,54652.67859,41847,20927,5,5,3258,31,10,0,0,0,19,2
"41339, Jackson, KY",41339,9531,89,84,28,27,9311,9255,87,9444,0,8,1,63,2,13,9255,41389.08527,27034,16983,19,19,3747,15,0,0,0,1,13,1
"41144, Greenup, KY",41144,9486,17,16,146,139,9191,9157,62,9424,1,2,0,46,8,5,9157,61465.72201,48272,24215,4,4,3514,12,0,0,0,1,10,1
"40121, Fort Knox, KY",40121,9452,230,218,1685,1550,6546,5737,1426,8026,117,27,10,835,170,267,5737,66127.16043,57781,18393,45,43,1735,311,66,32,2,6,192,13
"42539, Liberty, KY",42539,9418,26,18,83,77,9074,9000,186,9232,2,2,7,85,18,72,9000,39880.88782,30558,16960,5,4,3664,47,19,1,1,1,22,3
"40118, Fairdale, KY",40118,9403,94,79,277,237,8297,7878,1037,8366,31,13,12,437,86,458,7878,57603.76707,48662,22250,25,24,3343,236,97,6,1,4,117,11
"40906, Barbourville, KY",40906,9394,15,15,290,285,8907,8878,59,9335,1,1,0,34,7,16,8878,39370.21503,24322,16195,7,7,3593,13,4,1,0,0,6,2
"42602, Albany, KY",42602,9376,40,26,46,50,9057,8977,187,9189,0,1,16,64,17,89,8977,40936.61724,30352,17990,8,4,3876,47,20,0,4,0,20,3
"42743, Greensburg, KY",42743,8992,17,18,160,166,8597,8500,132,8860,2,5,0,80,17,28,8500,53066.77952,37880,22014,4,4,3563,27,6,2,0,2,14,3
"42437, Morganfield, KY",42437,8914,44,44,1591,1610,7062,6892,195,8719,3,0,1,145,15,31,6892,58768.33522,44906,21199,8,8,2662,23,6,0,0,0,15,2
"40977, Pineville, KY",40977,8824,13,13,154,149,8544,8524,36,8788,2,0,0,24,2,8,8524,50762.25772,30686,20189,3,3,3390,14,1,1,0,0,10,2
"42262, Oak Grove, KY",42262,8611,218,208,1720,1588,5683,5129,1157,7454,103,29,6,597,136,286,5129,49978.0842,40810,18337,86,81,2177,393,108,32,5,6,212,30
"41139, Flatwoods, KY",41139,8457,38,36,75,71,8227,8200,57,8400,1,4,1,33,1,17,8200,64937.22049,49555,27243,13,13,3384,13,3,0,0,1,9,0
"42748, Hodgenville, KY",42748,8437,15,13,427,436,7755,7512,365,8072,7,4,2,223,26,103,7512,51076.42085,39232,20887,3,3,3109,75,35,2,0,0,35,3
"40456, Mount Vernon, KY",40456,8428,7,7,15,15,8299,8283,41,8387,0,1,0,17,9,14,8283,43341.679,31205,17710,2,2,3286,10,3,0,0,0,5,2
"40069, Springfield, KY",40069,8045,23,22,890,890,6898,6643,390,7655,6,0,1,248,22,113,6643,58931.67282,47179,24374,6,6,2771,69,27,1,0,0,39,2
"41858, Whitesburg, KY",41858,8039,24,22,22,20,7910,7870,55,7984,0,2,0,49,1,3,7870,51769.04486,36858,21387,10,10,3234,17,1,0,0,0,15,1
"42320, Beaver Dam, KY",42320,7970,32,23,100,81,7466,7104,691,7279,9,9,6,384,36,247,7104,53826.38061,42297,20803,10,8,2882,147,67,1,2,1,70,6
"42064, Marion, KY",42064,7945,18,18,91,93,7750,7707,48,7897,0,1,0,40,0,7,7707,54750.10599,39868,22622,3,3,3142,12,3,0,0,0,9,0
"42167, Tompkinsville, KY",42167,7835,8,7,235,229,7353,7270,227,7608,1,0,1,90,12,123,7270,42521.07771,30842,17911,2,2,3110,56,26,0,0,0,28,2
"40390, Wilmore, KY",40390,7441,180,169,115,107,6961,6923,114,7327,1,0,0,65,13,35,6923,74951.79172,49016,24101,38,38,2203,20,8,0,0,0,10,2
"41008, Carrollton, KY",41008,7408,57,56,111,110,6686,6315,782,6626,3,1,2,366,60,350,6315,61064.10743,42392,23471,14,14,2584,157,82,1,0,0,65,9
"41040, Falmouth, KY",41040,7408,13,11,40,40,7258,7195,85,7323,4,3,3,51,12,12,7195,58472.178,47523,22263,2,2,2764,18,4,1,0,1,12,0
"41179, Vanceburg, KY",41179,7271,4,4,27,28,7153,7111,43,7228,1,0,0,33,7,2,7111,44706.75156,30605,18121,1,1,2850,14,1,0,0,0,13,0
"41014, Covington, KY",41014,7249,40,37,1029,1012,5630,5549,234,7015,10,1,3,90,32,98,5549,50253.43148,40032,21649,8,8,2505,54,22,1,0,1,26,4
"42129, Edmonton, KY",42129,7202,8,8,103,105,6951,6907,94,7108,1,3,0,39,10,41,6907,46639.60931,37959,19108,1,1,2825,20,6,0,0,1,11,1
"40311, Carlisle, KY",40311,7056,15,15,49,48,6869,6788,139,6917,0,2,0,84,7,46,6788,51946.99425,45276,20702,4,4,2721,25,8,0,0,1,16,0
"41311, Beattyville, KY",41311,6974,11,10,157,145,6723,6709,47,6927,0,2,0,32,9,4,6709,43512.287,26266,18407,0,0,2641,7,1,0,0,1,5,0
"42127, Cave City, KY",42127,6954,34,34,278,290,6409,6325,180,6774,4,16,2,59,22,77,6325,56855.75586,41667,23173,7,6,2663,48,18,2,1,5,19,3
"42717, Burkesville, KY",42717,6867,9,8,159,164,6547,6507,58,6809,1,2,1,31,3,20,6507,43829.50624,33463,18711,3,3,2728,14,6,1,0,0,7,0
"41041, Flemingsburg, KY",41041,6817,16,15,195,184,6477,6448,109,6708,2,1,0,41,12,53,6448,56202.63394,37748,23186,3,3,2715,19,7,1,0,0,9,2
"40359, Owenton, KY",40359,6812,10,11,38,41,6592,6524,139,6673,1,0,0,53,12,73,6524,56216.00801,49441,22653,4,4,2668,31,13,0,0,0,16,2
"40380, Stanton, KY",40380,6644,13,13,17,16,6504,6477,66,6578,1,0,0,27,3,35,6477,43407.01532,35474,17889,3,3,2511,19,8,1,0,0,9,1
"42171, Smiths Grove, KY",42171,6588,32,33,240,244,6172,6117,91,6497,4,1,0,43,16,27,6117,63838.50635,56473,24464,6,6,2381,21,5,1,0,0,14,1
"41097, Williamstown, KY",41097,6554,31,31,67,65,6324,6209,172,6382,3,4,1,112,5,47,6209,67222.2614,48787,24312,7,6,2261,32,9,1,1,1,19,1
"42220, Elkton, KY",42220,6547,3,2,358,361,6009,5870,235,6312,1,0,1,134,18,81,5870,53482.47028,45037,21522,2,1,2289,42,16,0,1,0,24,1
"42408, Dawson Springs, KY",42408,6546,18,19,50,54,6357,6305,63,6483,0,1,0,40,9,13,6305,53215.13969,37881,21490,2,2,2583,16,3,0,0,0,12,1
"40360, Owingsville, KY",40360,6491,11,12,103,107,6228,6188,92,6399,0,8,0,30,12,42,6188,50938.03527,36534,20274,4,4,2468,23,7,0,0,2,10,4
"42376, Utica, KY",42376,6289,20,24,24,30,6154,6097,75,6214,0,2,1,34,8,30,6097,67132.75392,55784,25266,2,2,2322,15,5,0,0,1,9,0
"42366, Philpot, KY",42366,6239,13,14,16,18,6160,6121,48,6191,0,0,1,31,5,11,6121,74319.32316,65835,26584,2,2,2215,8,3,0,0,0,5,0
"41073, Bellevue, KY",41073,6139,34,30,91,83,5861,5779,143,5996,2,2,2,99,8,30,5779,67078.08888,56210,29409,10,9,2605,31,8,1,1,1,18,2
"42029, Calvert City, KY",42029,6117,22,22,8,7,5979,5935,73,6044,1,2,0,46,8,16,5935,62429.07157,52800,25893,8,8,2463,11,4,1,0,1,4,1
"42544, Nancy, KY",42544,6107,7,8,16,16,5996,5967,56,6051,2,4,0,20,1,29,5967,54550.46344,36088,23096,2,2,2545,13,4,0,0,2,7,0
"40202, Louisville, KY",40202,6073,172,171,3571,3536,2128,2024,198,5875,30,3,1,109,22,33,2024,35576.49194,20229,19819,85,85,890,78,14,11,0,1,44,8
"40067, Simpsonville, KY",40067,6020,71,75,546,568,5211,4938,319,5701,16,1,1,222,14,65,4938,110775.5908,82500,40851,13,13,1840,72,19,2,0,1,48,2
"40831, Harlan, KY",40831,5957,58,55,158,150,5640,5613,60,5897,0,2,0,41,3,14,5613,51282.77394,28502,21617,10,10,2299,15,5,0,0,1,8,1
"41016, Covington, KY",41016,5940,21,19,86,79,5705,5624,117,5823,1,0,1,95,6,14,5624,63157.12244,47065,26626,10,10,2420,27,4,1,0,0,22,0
"42347, Hartford, KY",42347,5880,11,13,61,64,5664,5553,155,5725,5,1,0,89,19,41,5553,50962.51197,41607,20706,3,3,2227,32,14,0,0,0,15,3
"40447, Mc Kee, KY",40447,5871,5,5,6,3,5800,5770,46,5825,3,0,0,29,3,11,5770,37873.28048,24351,16281,0,0,2462,15,3,1,0,0,10,1
"42765, Munfordville, KY",42765,5869,17,18,249,268,5490,5407,97,5772,0,0,0,58,8,31,5407,42872.6484,32029,17178,3,3,2149,20,7,0,0,0,11,2
"42567, Eubank, KY",42567,5846,8,9,23,21,5692,5647,105,5741,6,3,1,27,14,54,5647,40543.24219,32396,15979,1,1,2264,20,13,0,0,1,4,2
"40312, Clay City, KY",40312,5824,6,6,52,49,5640,5608,86,5738,0,0,0,40,7,39,5608,40206.90349,28026,15451,0,0,2191,23,7,0,0,0,15,1
"41301, Campton, KY",41301,5788,3,3,13,13,5700,5675,35,5753,0,0,0,26,3,6,5675,34428.93805,22064,14990,1,1,2379,11,1,0,0,0,9,1
"41240, Paintsville, KY",41240,5777,30,29,20,19,5668,5655,22,5755,0,0,0,18,1,3,5655,60528.46511,36579,26294,8,8,2395,6,2,0,0,0,4,0
"40337, Jeffersonville, KY",40337,5735,5,5,12,12,5632,5590,48,5687,0,2,0,41,2,3,5590,47455.23584,33280,17941,1,1,2125,10,2,0,0,0,7,0
"42206, Auburn, KY",42206,5692,7,7,171,168,5383,5336,91,5601,1,2,0,50,4,34,5336,51150.49442,44764,19603,0,0,2038,26,12,0,0,0,12,2
"38079, Tiptonville, TN",38079,5681,10,10,1957,1983,3604,3508,102,5579,9,1,0,60,6,26,3508,46121.98541,32126,11679,0,0,970,8,1,1,0,0,5,1
"41169, Russell, KY",41169,5637,54,50,54,52,5457,5437,39,5598,0,2,2,25,2,8,5437,69903.22487,56388,28257,15,15,2210,7,1,0,0,0,6,0
"42553, Science Hill, KY",42553,5601,12,14,46,42,5444,5372,127,5474,10,0,0,57,6,54,5372,54121.29077,42059,21278,2,2,2140,25,9,1,0,0,14,1
"40013, Coxs Creek, KY",40013,5515,16,15,83,78,5331,5286,80,5435,1,0,0,52,4,23,5286,74649.9311,63041,27638,3,3,1978,23,6,1,0,0,15,1
"42038, Eddyville, KY",42038,5475,14,14,448,435,4912,4891,49,5426,4,0,0,32,7,6,4891,56227.39509,43129,22022,3,3,1972,8,1,1,0,0,4,2
"40729, East Bernstadt, KY",40729,5457,5,4,64,65,5292,5277,31,5426,0,2,1,12,4,12,5277,62253,37771,23466,0,0,1997,11,2,0,0,1,6,1
"41030, Crittenden, KY",41030,5428,25,24,32,33,5229,5148,142,5286,1,0,2,73,12,54,5148,62790.55312,52188,21684,8,8,1835,27,8,1,0,0,17,1
"40026, Goshen, KY",40026,5348,73,63,94,76,5061,4993,144,5204,7,0,2,96,12,27,4993,131654.3703,110577,43490,21,20,1702,38,6,0,1,0,29,2
"41074, Dayton, KY",41074,5274,16,15,33,30,5087,5035,95,5179,0,0,0,65,10,20,5035,54819.34726,45675,21407,7,7,1962,19,6,0,0,0,9,4
"42749, Horse Cave, KY",42749,5218,13,13,404,426,4670,4596,85,5133,2,0,1,43,5,34,4596,49041.22688,33292,19921,2,2,1884,22,10,1,0,0,11,0
"40006, Bedford, KY",40006,5204,32,31,22,15,4992,4936,151,5053,7,5,2,53,13,71,4936,68720.09392,59610,26481,5,5,1939,35,14,1,0,1,18,1
"42053, Kevil, KY",42053,5161,26,24,77,75,4933,4906,60,5101,1,0,2,29,6,22,4906,72504.36355,62531,29137,3,2,2016,16,3,1,1,0,10,1
"41171, Sandy Hook, KY",41171,5156,9,8,195,198,4899,4871,37,5119,5,1,1,19,6,5,4871,40032.40445,28136,14731,2,2,1680,7,2,0,0,1,3,1
"40162, Rineyville, KY",40162,5086,93,87,308,292,4436,4328,207,4879,13,1,5,114,24,50,4328,79791.68275,65799,28930,23,23,1665,51,14,6,0,1,27,3
"41224, Inez, KY",41224,5073,12,10,922,848,4083,3787,382,4691,11,1,1,364,5,0,3787,48260.1786,30561,15598,1,1,1429,4,0,0,0,0,4,0
"41095, Warsaw, KY",41095,4970,18,15,77,65,4600,4458,355,4615,4,2,1,161,42,145,4458,49708.9834,42065,18733,4,4,1758,82,32,0,0,1,44,5
"42726, Clarkson, KY",42726,4948,5,5,50,47,4825,4799,56,4892,1,2,0,31,2,20,4799,49477.22205,37650,19824,2,2,1916,12,4,0,0,0,8,0
"42629, Jamestown, KY",42629,4933,12,13,69,79,4760,4669,92,4841,3,1,1,62,8,17,4669,50730.98205,37663,21864,4,4,2011,23,7,1,0,1,14,0
"40419, Crab Orchard, KY",40419,4926,4,5,23,26,4804,4776,54,4872,1,1,0,13,16,23,4776,49186.41853,36391,18983,1,1,1838,7,3,0,0,0,4,0
"40143, Hardinsburg, KY",40143,4913,20,21,155,157,4634,4589,57,4856,4,0,0,35,1,17,4589,51862.49715,41512,21126,4,4,1840,12,5,1,0,0,6,0
"40051, New Haven, KY",40051,4831,4,4,24,26,4732,4698,45,4786,0,1,0,27,3,14,4698,59824.28649,47735,23031,0,0,1825,10,2,0,0,1,7,0
"41175, South Shore, KY",41175,4777,3,3,12,12,4694,4685,17,4760,0,0,0,11,2,4,4685,45210.97007,35805,18666,1,1,1940,5,1,0,0,0,3,1
"42256, Lewisburg, KY",42256,4634,2,2,31,32,4535,4494,58,4576,0,1,0,39,4,14,4494,56761.91751,47105,22869,0,0,1836,11,4,0,0,1,6,0
"42724, Cecilia, KY",42724,4631,23,22,84,79,4437,4395,78,4553,0,1,0,51,7,19,4395,70622.13364,59305,26931,4,4,1712,24,4,0,0,0,18,2
"40023, Fisherville, KY",40023,4593,75,80,93,100,4326,4244,108,4485,2,0,1,63,8,34,4244,107437.0067,93361,38147,18,18,1560,24,6,0,0,0,17,1
"41522, Elkhorn City, KY",41522,4522,4,4,11,11,4476,4467,14,4508,0,1,0,9,1,3,4467,50201.61605,36941,21147,0,0,1833,3,0,0,0,1,2,0
"41006, Butler, KY",41006,4503,5,6,10,11,4423,4396,38,4465,0,1,0,20,4,13,4396,68882.88164,57571,25775,1,1,1617,8,3,0,0,0,5,0
"42647, Stearns, KY",42647,4485,4,4,5,5,4402,4387,23,4462,0,0,0,13,7,3,4387,37818.99891,28456,15447,1,1,1794,3,1,0,0,0,1,1
"41537, Jenkins, KY",41537,4462,6,5,23,24,4397,4376,32,4430,1,0,1,17,2,11,4376,52066.91244,38958,21212,3,3,1770,4,2,0,0,0,2,0
"40437, Hustonville, KY",40437,4434,4,4,19,19,4312,4287,58,4376,1,1,0,20,7,29,4287,51167.3487,41325,20793,1,1,1768,15,6,0,0,1,8,0
"42210, Brownsville, KY",42210,4380,5,6,17,20,4294,4264,32,4348,0,0,0,17,2,13,4264,48835.4169,34397,20028,0,0,1749,4,2,0,0,0,2,0
"42450, Providence, KY",42450,4379,27,27,434,419,3767,3733,84,4295,8,2,0,42,10,22,3733,52440.75205,41776,22263,4,4,1605,14,6,4,0,0,4,0
"42635, Pine Knot, KY",42635,4364,10,9,1058,985,2995,2873,348,4016,40,9,1,160,42,96,2873,32987.91978,23696,13423,1,1,1045,1,0,0,0,1,0,0
"40823, Cumberland, KY",40823,4361,4,4,112,111,4170,4151,40,4321,0,1,0,21,5,13,4151,44335.0324,31634,18872,0,0,1758,9,3,0,0,0,5,1
"41004, Brooksville, KY",41004,4300,2,2,10,11,4211,4183,50,4250,0,0,0,22,1,27,4183,60557.83681,44955,23750,1,1,1655,8,7,0,0,0,1,0
"42348, Hawesville, KY",42348,4282,6,6,27,27,4163,4150,23,4259,0,5,0,12,2,4,4150,59437.71815,51676,22570,0,0,1593,6,0,0,0,3,3,0
"42351, Lewisport, KY",42351,4265,16,16,69,68,4102,4062,72,4193,4,0,1,34,6,27,4062,68281.09769,60989,27231,5,5,1601,15,7,1,0,0,7,0
"42041, Fulton, KY",42041,4219,56,56,759,760,3278,3256,37,4182,1,2,0,20,4,10,3256,53832.23561,44260,24005,17,17,1461,9,3,0,0,0,5,1
"42459, Sturgis, KY",42459,4209,4,4,205,211,3903,3853,54,4155,1,1,0,40,7,5,3853,50656.23296,39734,20397,1,1,1575,11,3,0,0,0,7,1
"40828, Evarts, KY",40828,4191,2,2,90,91,4025,4009,29,4162,0,0,0,15,7,7,4009,34775.13038,26004,14292,0,0,1491,6,2,0,0,0,2,2
"40008, Bloomfield, KY",40008,4172,10,10,167,165,3917,3874,77,4095,0,0,0,45,8,24,3874,65294.14745,53013,24838,1,1,1499,21,7,0,0,0,12,1
"42086, West Paducah, KY",42086,4165,9,9,160,149,3911,3888,54,4111,2,0,0,36,2,14,3888,77718.8546,68771,31442,2,2,1608,10,3,1,0,0,6,0
"42122, Alvaton, KY",42122,4163,44,41,75,69,3951,3918,74,4089,1,5,1,43,7,17,3918,78646.61962,69314,28528,8,7,1452,15,2,1,1,1,9,1
"42721, Caneyville, KY",42721,4146,2,2,16,18,4065,4044,38,4108,0,3,0,14,2,19,4044,45934.37238,34579,17970,0,0,1607,5,2,0,0,0,3,0
"41063, Morning View, KY",41063,4111,10,10,9,9,4058,4046,18,4093,0,0,0,14,0,4,4046,67084.19305,59091,24428,2,2,1487,3,0,0,0,0,3,0
"41514, Belfry, KY",41514,3942,23,23,25,25,3838,3828,14,3928,0,0,0,10,3,1,3828,53586.83106,36311,21934,6,6,1581,5,0,0,0,0,5,0
"42217, Crofton, KY",42217,3937,11,11,131,137,3699,3654,52,3885,2,0,1,31,10,8,3654,53950.4741,44351,20697,0,0,1421,18,4,2,0,0,8,4
"41314, Booneville, KY",41314,3927,3,3,15,13,3872,3852,31,3896,0,0,0,28,1,2,3852,38584.66919,25704,15828,1,1,1575,11,1,0,0,0,10,0
"42327, Calhoun, KY",42327,3913,3,4,8,9,3822,3804,44,3869,0,1,0,8,4,31,3804,61970.56474,51908,24615,1,1,1512,9,7,0,0,0,2,0
"41635, Harold, KY",41635,3888,7,7,15,16,3828,3817,21,3867,0,0,0,9,5,7,3817,46796.35801,30175,18867,2,2,1551,2,1,0,0,0,1,0
"40489, Waynesburg, KY",40489,3851,1,1,18,19,3772,3741,53,3798,0,0,0,28,11,14,3741,47331.10145,38558,18835,1,1,1485,14,6,0,0,0,7,1
"42039, Fancy Farm, KY",42039,3841,12,14,29,32,3737,3675,65,3776,1,4,0,50,3,7,3675,66956.7909,54983,26489,2,2,1481,11,2,0,0,0,9,0
"40150, Lebanon Junction, KY",40150,3822,10,10,16,15,3715,3692,41,3781,1,2,0,21,4,13,3692,66839.95176,56656,25375,3,3,1411,9,3,1,0,1,3,1
"41572, Virgie, KY",41572,3822,7,6,3,3,3786,3781,9,3813,0,0,0,8,0,1,3781,46484.84813,34792,18933,1,1,1546,6,1,0,0,0,5,0
"42653, Whitley City, KY",42653,3757,3,3,12,11,3660,3644,37,3720,0,0,0,21,5,11,3644,38389.43463,28431,15327,0,0,1433,6,1,0,0,0,4,1
"40402, Annville, KY",40402,3721,2,1,4,4,3681,3667,19,3702,0,5,1,11,0,2,3667,38654.20124,25000,15175,0,0,1438,4,0,0,0,1,3,0
"40379, Stamping Ground, KY",40379,3636,11,10,63,58,3488,3468,62,3574,0,1,0,29,6,26,3468,70232.35164,64301,27081,2,2,1356,10,3,0,0,0,6,1
"40019, Eminence, KY",40019,3610,7,6,321,308,3049,2966,268,3342,13,1,1,83,21,149,2966,53051.46828,35632,20625,3,3,1255,42,27,2,0,0,13,0
"40409, Brodhead, KY",40409,3601,3,4,1,1,3548,3533,24,3577,0,1,0,8,9,6,3533,47697.79931,34005,19625,0,0,1433,5,2,0,0,0,2,1
"42442, Nortonville, KY",42442,3596,9,9,62,65,3454,3431,28,3568,1,1,0,16,1,9,3431,51706.53896,40662,20126,1,1,1361,3,0,0,0,0,3,0
"42044, Gilbertsville, KY",42044,3589,7,6,6,5,3521,3488,48,3541,0,1,0,38,7,2,3488,72199.56739,57799,31475,3,3,1543,5,1,0,0,0,4,0
"40734, Gray, KY",40734,3568,4,4,2,2,3514,3500,20,3548,0,0,0,18,0,2,3500,35634.25089,26000,14079,2,2,1380,4,0,0,0,0,4,0
"40057, Pleasureville, KY",40057,3523,4,1,48,50,3376,3309,108,3415,3,0,3,57,6,39,3309,64572.75055,54754,24909,0,0,1324,25,8,0,0,0,16,1
"42378, Whitesville, KY",42378,3511,4,5,10,10,3449,3416,39,3472,1,0,0,25,10,3,3416,60827.80796,53451,22225,1,1,1266,6,1,0,0,0,3,2
"40385, Waco, KY",40385,3505,2,2,38,38,3398,3371,42,3463,0,0,0,26,2,14,3371,64788.26612,56806,24658,0,0,1301,8,1,0,0,0,7,0
"40740, Lily, KY",40740,3446,6,6,17,14,3360,3338,42,3404,2,1,0,26,4,9,3338,49432.09756,40374,18232,0,0,1246,13,2,1,0,0,9,1
"41007, California, KY",41007,3429,9,9,14,13,3360,3348,20,3409,1,0,0,14,4,1,3348,84845.36726,75258,30643,1,1,1216,5,1,0,0,0,3,1
"40037, Loretto, KY",40037,3388,11,13,20,23,3330,3304,29,3359,0,0,0,19,2,8,3304,59415.91506,45761,22146,0,0,1233,9,3,0,0,0,5,1
"42455, Sebree, KY",42455,3294,58,21,19,7,2957,2802,454,2840,6,2,15,193,33,205,2802,56636.34891,45828,21921,11,8,1112,72,47,1,3,0,21,0
"42519, Burnside, KY",42519,3248,7,7,6,6,3182,3147,52,3196,0,2,0,33,6,11,3147,47150.24819,33242,20057,3,3,1350,14,2,0,0,1,8,3
"40806, Baxter, KY",40806,3204,43,43,32,29,3064,3056,16,3188,3,1,0,7,2,3,3056,42048.12086,33735,17146,4,4,1273,3,0,0,0,0,3,0
"40045, Milton, KY",40045,3175,10,10,4,3,3065,3027,94,3081,1,8,1,33,5,46,3028,58425.458,51149,23225,3,3,1234,26,13,0,0,2,9,2
"41168, Rush, KY",41168,3156,10,11,26,29,3074,3056,27,3129,0,1,0,11,4,11,3056,74919.43478,57806,28856,2,2,1180,5,1,0,0,0,4,0
"40370, Sadieville, KY",40370,3155,7,4,26,27,3062,3028,63,3092,0,0,3,33,10,17,3028,74481.62217,60053,28117,3,3,1160,14,6,0,0,0,7,1
"40371, Salt Lick, KY",40371,3147,5,5,5,5,3090,3083,11,3136,0,0,0,6,1,4,3083,34517.18014,27097,13700,1,1,1236,2,0,0,0,0,2,0
"42088, Wingo, KY",42088,3140,13,14,96,106,2949,2905,49,3091,1,1,0,26,9,12,2905,61357.0988,45601,24738,2,2,1180,9,2,0,0,1,6,0
"42050, Hickman, KY",42050,3134,1,1,826,822,2244,2233,23,3111,1,0,0,14,7,1,2233,50215.92162,36071,23128,0,0,892,6,1,1,0,0,3,1
"42649, Strunk, KY",42649,3130,5,5,54,51,2991,2982,21,3109,4,0,0,6,3,8,2982,34875.27151,24243,14252,2,2,1167,1,0,0,0,0,1,0
"42518, Bronston, KY",42518,3123,9,9,22,20,3044,3026,29,3094,2,1,0,18,3,5,3026,56890.41667,32786,23817,0,0,1275,6,2,0,0,1,3,0
"41093, Wallingford, KY",41093,3121,4,5,10,11,3059,3040,29,3092,0,0,0,13,2,14,3040,42531.55704,32951,16437,1,1,1187,5,2,0,0,0,2,1
"42031, Clinton, KY",42031,3121,10,10,363,357,2686,2660,45,3076,1,0,0,31,5,8,2660,49782.85156,41058,22133,2,2,1101,10,1,0,0,0,8,1
"40056, Pewee Valley, KY",40056,3097,32,29,124,113,2870,2846,62,3035,1,0,1,39,10,11,2846,104347.635,83277,37301,8,8,1053,14,1,1,0,0,9,3
"41059, Melbourne, KY",41059,3087,6,6,10,9,3025,3014,16,3071,1,0,0,11,1,3,3014,82844.00701,60209,31362,1,1,1123,5,2,0,0,0,2,1
"40117, Ekron, KY",40117,3082,21,22,88,92,2889,2835,55,3027,1,0,0,45,4,5,2835,68003.91491,56667,24117,4,4,1034,16,3,0,0,0,13,0
"40873, Wallins Creek, KY",40873,3078,2,2,10,9,3019,3010,20,3058,0,0,0,13,1,6,3010,45865.5616,35628,18627,0,0,1226,5,2,0,0,0,3,0
"42757, Magnolia, KY",42757,3073,6,7,34,38,2970,2911,65,3008,0,0,0,48,6,11,2911,72482.69551,49009,28363,1,1,1173,13,2,0,0,0,11,0
"41749, Hyden, KY",41749,3069,3,3,10,10,3025,3016,17,3052,0,0,0,10,1,6,3016,48055.43482,38390,19858,2,2,1179,3,1,0,0,0,2,0
"41141, Garrison, KY",41141,3061,1,1,6,7,3021,3008,18,3043,0,0,0,9,5,4,3008,47586.78301,40042,18484,1,1,1178,3,0,0,0,0,2,1
"40313, Clearfield, KY",40313,3030,18,18,29,29,2915,2899,43,2987,0,0,0,16,7,20,2899,42650.51385,33636,18329,6,6,1261,9,4,0,0,0,4,1
"40146, Irvington, KY",40146,3026,7,7,126,133,2802,2778,41,2985,0,0,0,13,5,23,2778,55576.97911,40541,21990,2,2,1117,6,3,0,0,0,3,0
"41010, Corinth, KY",41010,2962,6,6,10,10,2873,2843,54,2908,1,1,1,22,3,26,2843,59904.49862,49610,21984,1,1,1065,8,3,0,0,1,3,1
"40076, Waddy, KY",40076,2907,4,5,27,31,2814,2771,44,2863,1,0,0,28,8,7,2771,79506.86182,78360,30096,0,0,1075,7,1,0,0,0,4,2
"42413, Hanson, KY",42413,2891,18,18,39,38,2786,2776,21,2870,1,1,0,10,2,7,2776,85584.90704,72350,32855,2,2,1080,5,2,0,0,0,3,0
"41092, Verona, KY",41092,2885,11,10,8,7,2817,2792,45,2840,0,0,0,30,5,10,2792,76266.7289,62000,26621,2,2,991,7,0,0,0,0,6,1
"42051, Hickory, KY",42051,2883,7,10,29,41,2752,2674,89,2794,0,4,0,42,10,33,2674,59516.74956,43255,23376,2,2,1098,16,8,0,0,1,6,1
"40322, Frenchburg, KY",40322,2825,3,3,92,87,2691,2676,25,2800,2,0,0,19,2,2,2676,36728.92483,28234,16435,0,0,1042,5,1,0,0,0,4,0
"42784, Upton, KY",42784,2808,9,7,36,36,2699,2670,35,2773,1,0,2,26,2,4,2670,50445.88868,42407,19338,3,2,1027,7,1,0,1,0,5,0
"40935, Flat Lick, KY",40935,2764,0,0,9,8,2719,2710,19,2745,0,0,0,12,7,0,2710,39582.25136,25424,15839,0,0,1089,6,0,0,0,0,5,1
"42452, Robards, KY",42452,2746,18,17,21,21,2649,2602,79,2667,1,5,1,46,5,21,2602,68997.44444,64178,26347,2,2,1022,15,5,0,0,1,9,0
"40759, Rockholds, KY",40759,2713,4,4,5,5,2665,2653,20,2693,0,1,0,16,1,2,2653,39889.0668,26527,14883,2,2,986,3,0,0,0,0,3,0
"40440, Junction City, KY",40440,2707,4,4,51,58,2588,2550,48,2659,0,0,0,27,7,14,2550,41431.78006,36629,16744,1,1,1032,10,4,0,0,0,5,1
"40486, Tyner, KY",40486,2674,3,3,3,3,2638,2627,17,2657,0,4,0,9,0,4,2627,43665.35646,30793,17192,0,0,1045,4,1,0,0,0,3,0
"41256, Staffordsville, KY",41256,2671,27,26,8,8,2614,2605,14,2657,0,0,0,10,2,2,2606,54676.3833,40200,21798,9,9,1033,2,0,0,0,0,2,0
"42234, Guthrie, KY",42234,2646,6,6,476,466,2071,1954,180,2466,4,0,0,123,8,45,1954,55619.51014,47547,21174,2,2,773,37,9,1,0,0,27,0
"42120, Adolphus, KY",42120,2626,2,2,4,5,2570,2551,29,2597,0,1,0,12,6,10,2551,39921.75498,30433,15263,0,0,983,7,2,0,0,0,3,2
"42404, Clay, KY",42404,2586,3,3,42,41,2485,2460,38,2548,1,1,0,25,5,6,2460,59695.71777,50212,23671,0,0,998,5,1,0,0,0,3,1
"42055, Kuttawa, KY",42055,2573,10,9,33,31,2499,2495,10,2563,0,0,0,9,1,0,2495,58964.37344,45448,26963,2,2,1090,2,0,0,0,0,2,0
"41562, Shelbiana, KY",41562,2554,3,3,3,3,2537,2527,12,2542,0,0,0,10,1,1,2527,45080.0431,35175,18028,1,1,1016,3,1,0,0,0,2,0
"41189, Tollesboro, KY",41189,2527,3,4,1,1,2506,2484,23,2504,0,0,0,17,1,5,2484,54957.03483,33235,21857,1,1,998,5,2,0,0,0,3,0
"41222, Hagerhill, KY",41222,2522,24,25,8,8,2463,2441,33,2489,0,0,0,21,9,3,2441,44701.30522,39262,17824,3,3,980,3,0,0,0,0,2,1
"40347, Midway, KY",40347,2500,10,8,155,137,2206,2151,163,2337,2,0,1,76,5,79,2151,78373.40615,59535,31328,1,1,884,30,16,0,0,0,14,0
"42776, Sonora, KY",42776,2485,9,8,24,21,2387,2354,46,2439,2,0,1,35,0,8,2354,57241.59496,46360,22184,2,2,927,8,0,0,0,0,8,0
"41553, Phelps, KY",41553,2469,0,0,2,2,2454,2448,7,2462,0,0,0,6,1,0,2448,39609.50495,26635,16774,0,0,1002,4,0,0,0,0,4,0
"42056, La Center, KY",42056,2465,6,6,155,156,2255,2238,20,2445,0,0,0,16,3,1,2238,56194.48919,43919,24373,2,2,941,6,0,0,0,0,6,0
"42406, Corydon, KY",42406,2438,5,5,104,110,2274,2254,28,2410,1,1,0,11,4,11,2254,69891.62783,62500,26612,2,2,873,6,2,0,0,0,3,1
"42087, Wickliffe, KY",42087,2430,3,3,71,74,2293,2277,38,2392,0,2,0,12,11,13,2277,71294.49134,47754,29361,1,1,936,9,2,0,0,1,2,4
"40011, Campbellsburg, KY",40011,2428,9,9,38,37,2326,2307,44,2384,2,0,0,17,11,14,2307,63638.61176,52899,24522,2,2,903,10,2,0,0,0,7,1
"42409, Dixon, KY",42409,2422,3,3,88,84,2280,2262,47,2375,2,1,0,21,8,15,2262,63677.5443,45545,27133,1,1,845,6,2,1,0,1,1,1
"40461, Paint Lick, KY",40461,2420,20,21,23,24,2304,2279,60,2360,0,0,0,21,5,34,2279,63183.28277,54648,24289,5,5,893,12,5,0,0,0,5,1
"40177, West Point, KY",40177,2412,43,39,176,164,2098,2016,132,2280,4,1,2,95,10,20,2016,43096.76997,32179,11542,1,1,601,5,1,0,0,0,4,0
"41002, Augusta, KY",41002,2404,2,2,18,17,2331,2315,35,2369,0,0,0,20,1,14,2315,57225.30021,40267,23340,0,0,929,7,3,0,0,0,4,0
"42048, Hardin, KY",42048,2389,6,6,3,3,2353,2337,24,2365,0,0,0,17,3,4,2337,50770.43769,39732,20977,1,1,979,3,1,0,0,0,2,0
"41774, Viper, KY",41774,2381,2,2,2,2,2330,2321,18,2363,0,0,0,4,3,11,2321,54704.01258,44832,21918,1,1,937,3,2,0,0,0,1,0
"42464, White Plains, KY",42464,2377,5,6,46,45,2292,2272,24,2353,5,1,0,12,2,4,2272,51394.07527,36429,20121,2,2,902,5,0,0,0,0,4,1
"41003, Berry, KY",41003,2363,12,11,5,5,2290,2271,35,2328,0,0,1,18,3,13,2271,55748.94083,46125,19941,1,1,833,6,3,0,0,0,3,0
"40516, Lexington, KY",40516,2351,28,29,379,390,1821,1730,131,2220,3,1,0,74,5,48,1730,92566.52116,73289,38697,7,7,776,37,13,0,0,0,22,2
"40372, Salvisa, KY",40372,2324,4,5,8,7,2270,2250,30,2294,2,1,0,13,0,14,2250,75528.15829,58382,30387,1,1,921,4,1,1,0,0,2,0
"41121, Argillite, KY",41121,2317,1,1,7,6,2284,2274,17,2300,0,0,0,14,0,3,2274,59810.48625,55111,23465,0,0,894,6,1,0,0,0,5,0
"42266, Pembroke, KY",42266,2297,8,6,305,310,1912,1863,67,2230,7,0,2,35,7,16,1863,66719.40502,54042,25262,1,0,698,17,5,1,1,0,9,1
"40078, Willisburg, KY",40078,2272,2,3,9,12,2228,2191,39,2233,0,0,0,26,4,9,2191,56837.53846,44970,22197,1,1,876,8,1,0,0,0,6,1
"40068, Smithfield, KY",40068,2259,10,10,47,47,2141,2123,47,2212,1,1,0,17,2,26,2123,81367.71241,58281,30762,0,0,811,11,5,0,0,0,6,0
"42058, Ledbetter, KY",42058,2245,18,17,3,2,2194,2179,22,2223,1,1,0,17,3,0,2179,53847.03084,46667,21779,2,2,899,8,0,0,0,1,7,0
"40109, Brooks, KY",40109,2202,9,9,15,14,2123,2105,34,2168,1,2,0,18,3,10,2105,65525.66627,51667,25056,2,2,819,9,3,0,0,1,5,0
"42325, Bremen, KY",42325,2197,2,1,3,3,2159,2144,20,2177,0,0,1,11,1,7,2144,68907.53395,43646,27260,0,0,856,2,0,0,0,0,1,1
"42045, Grand Rivers, KY",42045,2194,1,1,3,1,2139,2126,30,2164,2,1,0,11,9,7,2126,54927.48482,40112,23909,0,0,937,11,3,0,0,1,5,1
"42343, Fordsville, KY",42343,2193,1,1,6,7,2160,2140,23,2170,0,1,0,17,2,3,2140,59766.97371,37893,24004,0,0,867,6,2,0,0,1,3,0
"42160, Park City, KY",42160,2188,11,12,72,79,2050,2017,53,2135,0,4,0,23,7,19,2017,48147.15618,39051,18923,2,2,826,12,3,0,0,0,9,0
"41064, Mount Olivet, KY",41064,2187,2,2,4,3,2145,2135,21,2166,1,1,0,9,1,9,2135,45553.51968,35765,18179,0,0,852,5,3,0,0,0,2,0
"41049, Hillsboro, KY",41049,2176,11,12,2,2,2136,2127,16,2160,0,0,0,7,0,9,2127,52422.98462,34365,20458,4,4,832,4,2,0,0,0,2,0
"40387, Wellington, KY",40387,2173,3,2,4,3,2132,2127,9,2164,1,0,1,4,0,3,2127,43809.36927,30839,17686,1,0,857,3,1,0,1,0,1,0
"42020, Almo, KY",42020,2170,11,12,32,35,2085,2043,49,2121,1,0,0,34,1,13,2043,54200.86266,44528,22005,3,3,848,14,4,0,0,0,10,0
"42202, Adairville, KY",42202,2158,3,3,201,190,1858,1817,117,2041,11,3,0,41,7,55,1817,53473.71073,42098,21934,0,0,778,23,11,2,0,0,8,2
"41649, Martin, KY",41649,2156,6,6,2,2,2123,2120,4,2152,0,0,0,3,0,1,2120,53331.39762,32350,23017,2,2,912,0,0,0,0,0,0,0
"42274, Rockfield, KY",42274,2153,8,7,46,43,2063,2041,40,2113,0,0,0,28,6,6,2041,70534.2401,66587,26570,1,1,779,9,3,0,0,0,5,1
"41039, Ewing, KY",41039,2149,4,4,16,17,2103,2097,16,2133,0,0,0,5,1,10,2097,59925.02233,44586,23949,2,2,837,3,2,0,0,0,1,0
"42712, Big Clifty, KY",42712,2122,5,5,7,6,2078,2070,17,2105,0,0,0,11,1,5,2070,52944.67774,41838,20285,2,2,800,4,1,0,0,0,3,0
"40055, Pendleton, KY",40055,2121,12,11,25,22,2016,1994,57,2064,1,1,1,25,5,24,1994,76903.0625,66542,28426,1,1,758,14,6,0,0,1,7,0
"42078, Salem, KY",42078,2110,6,6,8,7,2062,2048,21,2089,0,1,0,17,3,0,2048,49846.63371,36064,21517,1,1,876,8,0,0,0,1,6,1
"40119, Falls Of Rough, KY",40119,2106,1,1,4,3,2072,2059,17,2089,1,1,0,10,1,4,2059,61150.07874,47992,25814,0,0,882,4,1,0,0,0,3,0
"42166, Summer Shade, KY",42166,2092,2,2,32,35,2027,2012,27,2065,0,0,0,11,6,10,2012,56415.22912,49056,22598,1,1,810,5,2,0,0,0,1,2
"41262, Tomahawk, KY",41262,2090,3,3,4,4,2065,2059,9,2081,0,0,0,8,0,1,2059,42613.5875,27347,16311,0,0,791,2,0,0,0,0,2,0
"42081, Smithland, KY",42081,2090,1,1,2,1,2045,2029,23,2067,1,0,0,14,1,7,2029,60444.9537,46329,24988,0,0,850,7,2,0,0,0,5,0
"40003, Bagdad, KY",40003,2081,4,4,30,35,1986,1939,61,2020,3,1,1,28,5,23,1939,90549.05072,69572,33461,1,0,741,12,6,0,1,0,5,0
"42352, Livermore, KY",42352,2076,4,4,5,3,2019,2008,25,2051,2,0,0,7,4,12,2008,45465.93303,33908,18966,0,0,854,7,2,1,0,0,3,1
"41822, Hindman, KY",41822,2071,1,1,6,6,2040,2034,13,2058,1,0,0,3,4,5,2034,55489.94946,42350,22377,0,0,819,3,1,0,0,0,0,2
"40107, Boston, KY",40107,2060,3,3,10,10,2010,2001,16,2044,0,1,0,9,1,5,2001,53917.67494,43459,21096,0,0,787,5,1,0,0,1,3,0
"40111, Cloverport, KY",40111,2051,2,2,13,14,1996,1983,22,2029,0,2,0,9,2,9,1983,51068.25862,45991,20218,1,1,803,4,1,0,0,0,2,1
"40468, Perryville, KY",40468,2048,5,5,47,48,1969,1956,16,2032,0,0,0,12,1,3,1956,56907.24602,45256,22788,1,1,784,4,1,0,0,0,2,1
"42027, Boaz, KY",42027,2016,3,3,18,20,1944,1923,27,1989,0,1,0,14,5,7,1923,61312.58582,47712,24500,1,1,788,5,3,0,0,0,2,0
"41539, Kimper, KY",41539,2014,1,1,2,2,1994,1989,7,2007,0,0,0,6,1,0,1989,49044.10207,36741,20041,0,0,816,1,0,0,0,0,1,0
"41033, De Mossville, KY",41033,2010,3,3,11,8,1984,1958,34,1976,2,4,0,28,0,0,1958,63523.35714,62747,23369,0,0,699,4,0,0,0,1,3,0
"42355, Maceo, KY",42355,1963,4,2,13,4,1875,1828,103,1860,9,0,2,44,5,43,1828,64419.91425,60833,23727,0,0,705,21,9,1,0,0,10,1
"42740, Glendale, KY",42740,1954,14,14,68,65,1828,1809,31,1923,0,0,0,23,4,4,1809,72423.70084,60131,26557,3,3,679,8,1,0,0,0,7,0
"41046, Glencoe, KY",41046,1945,2,2,13,13,1878,1857,42,1903,1,0,0,17,8,16,1857,68445.11577,59746,24316,1,1,680,7,3,0,0,0,4,0
"41219, Flatgap, KY",41219,1944,3,3,1,1,1921,1914,8,1936,0,1,0,5,1,1,1914,49185.71788,37820,19102,1,1,746,2,1,0,0,0,1,0
"40144, Harned, KY",40144,1938,6,6,38,39,1857,1848,13,1925,0,0,0,8,1,4,1848,56663.74722,49444,21662,1,1,695,3,1,0,0,0,2,0
"41080, Petersburg, KY",41080,1935,11,11,3,3,1872,1858,23,1912,0,0,0,15,0,8,1858,86341.5482,69259,31027,3,3,684,3,1,0,0,0,2,0
"42732, Eastview, KY",42732,1925,11,10,15,13,1854,1845,24,1901,1,0,0,12,1,10,1845,54993.95537,44545,20483,3,3,700,5,2,0,0,0,2,1
"40507, Lexington, KY",40507,1920,32,33,548,553,1252,1191,98,1822,3,1,0,51,10,33,1191,55432.61373,20654,34589,16,16,768,33,11,2,0,0,17,3
"42713, Bonnieville, KY",42713,1920,5,6,33,40,1844,1815,34,1886,0,0,0,18,2,14,1815,63655.59043,34767,25056,0,0,725,7,4,0,0,0,3,0
"40046, Mount Eden, KY",40046,1919,3,3,14,15,1864,1845,21,1898,1,0,0,12,5,3,1845,75719.82454,69654,27660,1,1,687,3,0,0,0,0,3,0
"42746, Hardyville, KY",42746,1900,1,1,51,60,1819,1798,26,1874,0,1,0,10,9,6,1798,55454.19643,42973,21248,0,0,697,6,1,0,0,0,4,1
"40142, Guston, KY",40142,1870,10,10,32,33,1793,1777,16,1854,0,0,0,14,0,2,1777,63319.89069,52734,22924,1,1,655,5,1,0,0,0,4,0
"42337, Drakesboro, KY",42337,1865,1,1,95,88,1744,1737,22,1843,3,0,0,11,1,7,1737,50199.98361,35129,19703,0,0,683,6,0,0,0,0,6,0
"41098, Worthville, KY",41098,1860,3,3,11,12,1791,1764,48,1812,0,0,0,24,0,24,1764,85217.43826,57065,33766,0,0,718,10,5,0,0,0,5,0
"41722, Bulan, KY",41722,1851,2,2,21,21,1813,1811,6,1845,0,0,0,2,1,3,1811,49886.33623,39167,20247,0,0,681,1,1,0,0,0,0,0
"42082, Symsonia, KY",42082,1845,2,2,6,7,1809,1794,17,1828,0,3,0,12,0,2,1794,52060.17647,45613,22126,1,1,773,2,0,0,0,1,1,0
"41557, Raccoon, KY",41557,1790,3,3,3,3,1762,1756,14,1776,0,0,0,4,8,2,1756,51430.33105,43571,21003,1,1,723,2,0,0,0,0,1,1
"40972, Oneida, KY",40972,1777,4,4,13,13,1739,1731,10,1767,0,0,0,9,0,1,1731,32652.80055,21912,13678,1,1,726,2,0,0,0,0,2,0
"41265, Van Lear, KY",41265,1768,3,3,3,3,1746,1744,3,1765,0,1,0,2,0,0,1744,46979.93872,40828,19087,0,0,711,1,0,0,0,1,0,0
"41055, Mayslick, KY",41055,1758,2,2,52,58,1670,1640,40,1718,0,0,0,22,1,17,1640,75718.78116,57632,28381,1,1,633,6,3,0,0,0,3,0
"40737, Keavy, KY",40737,1697,7,7,1,1,1648,1636,20,1677,0,0,0,11,2,7,1637,56330.67381,45286,21795,1,1,637,4,1,0,0,0,3,0
"42349, Horse Branch, KY",42349,1696,2,1,1,1,1668,1655,16,1680,0,0,1,10,3,2,1655,48746.15267,42442,18826,1,1,648,2,1,0,0,0,1,0
"41043, Foster, KY",41043,1689,3,2,1,1,1666,1655,17,1672,0,0,1,11,0,5,1655,75326.4374,56884,28875,1,0,638,4,1,0,1,0,2,0
"42411, Fredonia, KY",42411,1679,1,1,20,18,1647,1643,7,1672,0,0,0,6,0,1,1643,65118.8,43739,26858,0,0,676,3,1,0,0,0,2,0
"40374, Sharpsburg, KY",40374,1672,9,4,80,84,1534,1523,30,1642,0,0,5,6,3,16,1523,48393.3997,36216,19189,1,0,611,7,3,0,1,0,3,0
"42716, Buffalo, KY",42716,1665,4,4,26,29,1612,1590,23,1642,0,1,0,18,1,3,1590,58229.05385,48194,22770,2,2,632,4,0,0,0,0,4,0
"42410, Earlington, KY",42410,1642,4,4,214,217,1363,1348,22,1620,0,0,0,11,2,9,1348,45460.47041,38750,18245,0,0,541,6,2,0,0,0,3,1
"40472, Ravenna, KY",40472,1608,0,0,0,0,1557,1546,23,1585,0,0,0,7,5,11,1546,51555.20236,34137,21706,0,0,665,6,3,0,0,0,2,1
"42372, Sacramento, KY",42372,1575,3,3,22,20,1529,1525,12,1563,0,0,0,7,1,4,1525,54573.8805,46250,22037,1,1,614,6,1,0,0,0,3,1
"40050, New Castle, KY",40050,1567,4,4,62,65,1451,1441,26,1541,0,0,0,6,1,19,1441,48370.60289,40337,20205,1,1,589,5,3,0,0,0,2,0
"41647, Mc Dowell, KY",41647,1562,0,0,3,3,1545,1542,3,1559,0,0,0,2,1,0,1542,41091.45738,28529,16047,0,0,607,0,0,0,0,0,0,0
"42729, Cub Run, KY",42729,1543,1,1,5,6,1516,1491,26,1517,0,0,0,21,1,4,1491,48454.69858,42615,17728,0,0,558,5,0,0,0,0,4,1
"42023, Bardwell, KY",42023,1541,4,5,14,17,1497,1467,32,1509,0,3,0,22,2,5,1467,57465.30722,42385,27958,1,1,628,12,3,0,0,1,7,1
"40771, Woodbine, KY",40771,1538,2,2,7,7,1479,1471,18,1520,0,0,0,9,2,7,1471,33352.85016,23636,13496,2,2,593,7,3,0,0,0,4,0
"42049, Hazel, KY",42049,1536,9,9,21,21,1482,1459,33,1503,1,0,0,22,0,10,1459,57376.92142,49628,24246,2,2,624,9,2,1,0,0,6,0
"41086, Sparta, KY",41086,1516,0,0,38,37,1411,1371,88,1428,2,1,0,38,9,38,1371,62354.77917,53992,22910,0,0,529,19,6,0,0,1,12,0
"42528, Dunnville, KY",42528,1510,4,4,7,8,1442,1431,39,1471,0,0,0,8,2,29,1431,54990.01621,40714,22469,1,1,605,8,4,0,0,0,3,1
"41348, Lost Creek, KY",41348,1459,1,1,4,4,1441,1439,4,1455,0,0,0,3,0,1,1439,39074.52007,26538,15607,0,0,569,1,0,0,0,0,1,0
"41332, Hazel Green, KY",41332,1452,1,1,1,1,1432,1427,9,1443,0,0,0,3,2,4,1427,40718.53088,29421,16829,0,0,592,2,1,0,0,0,0,1
"41776, Wooton, KY",41776,1451,2,2,1,1,1432,1427,8,1443,0,2,0,5,1,0,1427,37149.83137,28600,15206,1,1,586,2,0,0,0,0,2,0
"41773, Vicco, KY",41773,1447,2,2,5,5,1414,1408,8,1439,0,0,0,6,0,2,1408,40381.47514,23532,15171,1,1,536,2,0,0,0,0,2,0
"42456, Slaughters, KY",42456,1441,4,4,9,8,1410,1402,14,1427,1,0,0,9,0,4,1402,64796.11029,53889,24548,1,1,538,2,0,0,0,0,2,0
"40460, Orlando, KY",40460,1438,0,0,0,0,1418,1416,4,1434,0,1,0,2,0,1,1416,30334.67596,25000,12324,0,0,568,1,0,0,0,0,1,0
"40903, Artemus, KY",40903,1435,1,1,65,63,1348,1343,11,1424,1,0,0,6,1,3,1343,36104.86957,23222,15040,0,0,544,2,1,0,0,0,1,0
"41723, Busy, KY",41723,1428,0,0,9,9,1404,1395,11,1417,0,0,0,10,0,1,1395,44448.00735,37969,16933,0,0,539,2,0,0,0,0,2,0
"42733, Elk Horn, KY",42733,1422,2,2,2,2,1400,1382,23,1399,0,1,0,18,0,4,1381,51585.42572,37022,20025,1,1,544,3,0,0,0,0,3,0
"41174, South Portsmouth, KY",41174,1410,9,4,6,6,1358,1347,23,1387,0,0,5,12,0,6,1347,34460.86556,23625,13825,2,2,528,2,1,0,0,0,1,0
"41603, Banner, KY",41603,1399,1,1,4,4,1377,1374,7,1392,0,0,0,3,0,4,1374,53127.64855,36694,20962,0,0,544,1,0,0,0,0,1,0
"42634, Parkers Lake, KY",42634,1393,1,1,8,8,1372,1361,12,1381,0,0,0,11,0,1,1361,33501.53955,26096,12727,1,1,488,1,0,0,0,0,1,0
"40915, Bimble, KY",40915,1388,2,2,14,16,1344,1338,11,1377,0,0,0,2,6,3,1338,45528.97407,30444,18544,0,0,525,1,0,0,0,0,0,1
"41640, Hueysville, KY",41640,1384,0,0,1,1,1377,1374,3,1381,0,0,0,3,0,0,1374,57054.73647,30152,23622,0,0,570,2,0,0,0,0,2,0
"40075, Turners Station, KY",40075,1378,4,4,5,6,1341,1335,12,1366,0,0,0,3,5,4,1335,60677.56809,47209,22633,1,1,505,2,1,0,0,0,0,1
"42436, Manitou, KY",42436,1366,13,14,19,20,1311,1302,11,1355,1,1,0,4,3,2,1302,96659.07471,73321,37035,2,2,510,3,1,0,0,0,1,1
"42441, Nebo, KY",42441,1355,4,4,12,13,1316,1303,17,1338,0,0,0,11,2,4,1303,74325.47104,61650,29144,0,0,509,3,1,0,0,0,2,0
"40346, Means, KY",40346,1345,1,1,3,3,1309,1301,9,1336,0,0,0,3,4,2,1301,46633.15278,31545,17489,0,0,498,0,0,0,0,0,0,0
"42328, Centertown, KY",42328,1342,0,0,4,5,1325,1312,14,1328,0,0,0,10,2,2,1312,55460.9407,43911,20215,0,0,483,3,1,0,0,0,1,1
"41180, Webbville, KY",41180,1325,3,2,0,0,1303,1300,5,1320,0,0,1,3,0,1,1301,39688.88889,26500,15636,0,0,515,1,0,0,0,0,0,0
"42603, Alpha, KY",42603,1320,2,2,6,6,1290,1286,11,1309,0,0,0,6,1,4,1286,42855.97388,27632,17549,1,1,525,2,1,0,0,0,1,0
"41124, Blaine, KY",41124,1314,1,1,2,2,1297,1294,4,1310,0,0,0,3,1,0,1294,39886.2279,29262,15451,0,0,506,3,0,0,0,0,2,1
"42159, Oakland, KY",42159,1311,4,4,105,101,1175,1169,14,1297,2,0,0,8,1,3,1169,79076.36382,63298,30340,1,1,449,4,1,0,0,0,3,0
"41216, East Point, KY",41216,1302,4,4,2,2,1279,1273,9,1293,0,0,0,4,4,1,1273,51390.28654,45068,20529,1,1,512,1,0,0,0,0,1,0
"40510, Lexington, KY",40510,1299,29,30,126,128,1060,1002,115,1184,3,4,0,51,14,43,1002,165004.1071,108333,55022,7,7,375,17,5,0,0,0,10,2
"42079, Sedalia, KY",42079,1278,3,4,8,12,1224,1194,33,1245,0,0,0,14,3,16,1194,69969.14596,52874,27758,1,1,495,5,2,0,0,0,2,1
"41519, Canada, KY",41519,1274,0,0,1,1,1261,1253,10,1264,0,1,0,6,3,0,1253,51707.34747,37647,20090,0,0,489,3,0,0,0,1,1,1
"41250, Pilgrim, KY",41250,1272,0,0,2,2,1257,1254,4,1268,0,0,0,2,1,1,1254,36314.11765,23455,14560,0,0,506,2,0,0,0,0,1,1
"42350, Island, KY",42350,1271,1,1,9,11,1227,1221,20,1251,0,0,0,2,2,16,1221,51088.1277,40227,20459,1,1,499,2,1,0,0,0,1,0
"41238, Oil Springs, KY",41238,1270,7,6,1,1,1255,1244,13,1257,0,0,0,13,0,0,1244,58706.75728,41667,23806,2,2,510,4,0,0,0,0,4,0
"41231, Lovely, KY",41231,1269,1,1,1,1,1259,1253,6,1263,0,0,0,4,1,1,1253,41021.72549,33103,16486,0,0,508,1,0,0,0,0,1,0
"40743, London, KY",40743,1263,24,22,7,7,1206,1201,16,1247,0,0,0,8,1,7,1201,72265.2205,58135,29581,10,10,497,5,2,0,0,0,3,0
"41183, Worthington, KY",41183,1259,7,6,3,3,1235,1235,3,1256,0,0,0,1,0,2,1235,47037.33779,35417,19776,1,1,518,1,1,0,0,0,0,0
"40328, Gravel Switch, KY",40328,1248,2,3,8,10,1211,1200,13,1235,0,0,0,3,6,4,1200,58536.34292,44935,22842,0,0,473,5,2,0,0,0,1,2
"42133, Fountain Run, KY",42133,1243,2,1,7,7,1192,1173,33,1210,1,0,1,14,1,16,1173,47752.13834,36429,19439,0,0,492,8,3,0,0,0,5,0
"40953, Hinkle, KY",40953,1239,0,0,0,0,1225,1221,6,1233,0,0,0,4,0,2,1221,48127.19826,33841,17829,0,0,454,1,0,0,0,0,1,0
"42170, Woodburn, KY",42170,1238,4,4,66,64,1148,1140,18,1220,0,0,0,10,1,7,1140,73903.12102,57353,28179,1,1,437,5,2,0,0,0,3,0
"42076, New Concord, KY",42076,1235,2,2,4,4,1199,1183,17,1218,0,0,0,15,1,1,1183,46702.92153,29940,20723,0,0,538,3,0,0,0,0,3,0
"40868, Stinnett, KY",40868,1211,6,6,1,1,1202,1201,1,1210,0,0,0,1,0,0,1201,40514.48497,23468,16707,2,2,496,0,0,0,0,0,0,0
"42140, Gamaliel, KY",42140,1208,0,0,11,11,1151,1123,58,1150,1,0,0,26,3,28,1123,47342.41,30373,19603,0,0,489,12,5,0,0,0,7,0
"40815, Cawood, KY",40815,1207,1,1,1,1,1193,1191,5,1202,0,0,0,2,1,2,1191,38155.24691,26270,15383,0,0,482,2,0,0,0,0,1,1
"42036, Dexter, KY",42036,1205,3,4,5,5,1177,1147,32,1173,1,0,0,26,1,4,1147,58099.30143,50769,23674,0,0,481,6,1,0,0,0,5,0
"42461, Uniontown, KY",42461,1204,1,1,46,46,1121,1111,12,1192,0,0,0,10,1,1,1111,61691.20545,55769,24441,1,1,450,2,1,0,0,0,1,0
"40442, Kings Mountain, KY",40442,1191,0,0,2,2,1166,1162,11,1180,0,0,0,5,1,5,1162,46115.89451,34556,19010,0,0,465,3,2,0,0,0,1,0
"41844, Pippa Passes, KY",41844,1191,7,5,9,9,1172,1170,4,1187,0,0,2,2,0,0,1170,67743.99026,42105,20611,1,1,306,0,0,0,0,0,0,0
"41731, Cornettsville, KY",41731,1182,3,3,0,0,1163,1163,1,1181,0,0,0,1,0,0,1163,42656.70515,22982,17503,0,0,477,0,0,0,0,0,0,0
"40176, Webster, KY",40176,1180,1,1,4,3,1152,1143,10,1170,1,0,0,8,0,1,1143,55923.92202,48019,20663,0,0,427,3,0,1,0,0,2,0
"42333, Cromwell, KY",42333,1180,1,0,9,12,1143,1122,33,1147,1,0,1,13,4,14,1122,56009.97758,53462,21231,0,0,436,8,6,0,0,0,2,0
"42040, Farmington, KY",42040,1169,5,7,9,10,1129,1110,20,1149,2,0,0,8,0,10,1110,77588.90506,54494,31460,1,1,463,4,2,0,0,0,2,0
"42102, Bowling Green, KY",42102,1166,17,14,47,40,1017,1004,97,1069,0,0,1,25,11,60,1004,67309.58907,60714,29396,5,4,382,16,10,0,1,0,4,1
"41267, Warfield, KY",41267,1143,2,2,0,0,1127,1122,8,1135,0,1,0,6,1,0,1122,37041.16776,22353,14875,0,0,457,1,0,0,0,0,1,0
"41645, Langley, KY",41645,1137,2,2,3,4,1125,1121,5,1132,0,0,0,2,1,2,1121,57449.36674,37143,22208,0,0,435,0,0,0,0,0,0,0
"40104, Battletown, KY",40104,1129,1,1,3,3,1094,1087,9,1120,0,0,0,3,5,1,1087,65318.64138,49257,25167,0,0,426,2,1,0,0,0,1,0
"40914, Big Creek, KY",40914,1123,1,1,4,4,1102,1101,3,1120,0,0,0,2,0,1,1101,41107.85996,32813,16820,1,1,450,1,0,0,0,0,1,0
"42259, Mammoth Cave, KY",42259,1114,2,2,149,149,952,945,8,1106,0,0,0,7,0,1,945,42079.31633,34722,18124,1,1,386,0,0,0,0,0,0,0
"41824, Isom, KY",41824,1101,0,0,2,2,1096,1095,1,1100,0,0,0,1,0,0,1095,39890.42316,26892,16268,0,0,448,0,0,0,0,0,0,0
"42458, Spottsville, KY",42458,1100,3,3,8,8,1075,1070,7,1093,0,0,0,5,0,2,1070,65408.00976,48469,24379,1,1,404,1,0,0,0,0,1,0
"40009, Bradfordsville, KY",40009,1089,2,3,5,7,1067,1056,13,1076,0,0,0,6,1,6,1056,49481.75286,39091,19856,1,1,431,2,1,0,0,0,1,0
"41840, Neon, KY",41840,1084,0,0,4,4,1068,1064,5,1079,0,0,0,4,0,1,1064,50166.59152,37553,20734,0,0,443,2,0,0,0,0,2,0
"40464, Parksville, KY",40464,1081,3,3,6,6,1046,1039,11,1070,0,0,0,7,1,3,1039,55351.1619,41667,21507,1,1,408,2,0,0,0,0,2,0
"41512, Ashcamp, KY",41512,1079,4,4,4,4,1064,1062,3,1076,0,0,0,2,0,1,1062,59303.73923,42115,23803,0,0,413,0,0,0,0,0,0,0
"40060, Raywick, KY",40060,1077,2,3,10,14,1050,1032,19,1058,0,0,0,10,4,5,1032,48162.20379,40577,18982,1,1,413,5,1,0,0,0,3,1
"41083, Sanders, KY",41083,1076,0,0,12,13,1028,991,58,1018,0,0,0,35,0,23,991,52603.28084,52655,19435,0,0,366,15,8,0,0,0,7,0
"41555, Pinsonfork, KY",41555,1073,4,4,11,10,1037,1037,2,1071,1,0,0,1,0,0,1037,39986.94884,27206,16025,2,2,421,1,0,0,0,0,1,0
"41650, Melvin, KY",41650,1063,1,0,13,13,1046,1041,6,1057,0,0,1,5,0,0,1041,36575.58794,23765,13952,0,0,393,2,0,0,0,0,2,0
"42324, Belton, KY",42324,1063,0,0,10,11,1036,1029,14,1049,0,0,0,6,2,6,1028,52630.3789,42174,20646,0,0,408,3,1,0,0,0,2,0
"41837, Mayking, KY",41837,1061,3,2,3,2,1049,1043,10,1051,0,0,0,8,0,2,1043,49586.4105,35469,19985,1,1,416,4,1,0,0,0,3,0
"42021, Arlington, KY",42021,1060,1,1,40,41,991,972,24,1036,3,0,0,13,2,6,972,44454.27632,32654,19124,0,0,426,5,2,0,0,0,3,0
"41425, Ezel, KY",41425,1051,1,1,2,2,1039,1033,7,1044,0,0,0,6,0,1,1033,53006.5237,32313,22564,0,0,440,1,0,0,0,0,1,0
"41740, Emmalena, KY",41740,1049,2,2,1,1,1042,1035,7,1042,0,0,0,7,0,0,1035,60170.31116,44600,24148,0,0,419,2,0,0,0,0,2,0
"42339, Dunmor, KY",42339,1030,1,1,6,7,1006,998,14,1016,0,0,0,7,1,6,998,54699.33005,47000,21561,0,0,399,4,1,0,0,0,3,0
"40157, Payneville, KY",40157,1027,1,1,4,4,1001,994,7,1020,0,0,0,5,1,1,994,64950.34794,47321,24538,0,0,379,2,0,0,0,0,2,0
"42207, Bee Spring, KY",42207,1025,2,2,2,2,1013,1008,7,1018,0,0,0,4,0,3,1008,66699.40603,49308,28077,0,0,428,2,0,0,0,0,2,0
"42782, Summersville, KY",42782,1020,1,1,20,24,977,967,14,1006,0,0,0,5,1,8,967,44864.96535,31721,17770,0,0,391,3,2,0,0,0,1,0
"41044, Germantown, KY",41044,1017,1,1,9,10,993,989,9,1008,0,0,0,3,0,6,989,58704.73684,44882,21979,0,0,375,2,1,0,0,0,1,0
"40140, Garfield, KY",40140,1014,4,4,6,6,974,968,10,1004,0,1,0,4,1,4,968,53281.42005,43333,19426,0,0,355,3,1,0,0,0,2,0
"40902, Arjay, KY",40902,1014,0,0,0,0,1005,999,7,1007,0,0,0,5,0,2,1000,32759.68137,23269,13181,0,0,402,2,1,0,0,0,1,0
"42462, Waverly, KY",42462,1011,3,3,46,45,946,942,6,1005,0,0,0,5,1,0,942,63576.31688,50305,24265,1,1,356,2,0,0,0,0,2,0
"42054, Kirksey, KY",42054,1010,2,2,4,5,979,959,23,987,0,1,0,15,1,6,959,63363.20293,56776,25659,0,0,398,6,1,0,0,0,5,0
"41260, Thelma, KY",41260,1002,4,3,11,8,981,981,6,996,0,0,0,5,0,1,981,40902.94906,39091,16373,0,0,373,1,0,0,0,0,1,0
"42215, Cerulean, KY",42215,1002,4,4,66,68,903,890,14,988,0,0,0,10,3,1,890,83020.29412,58562,31052,1,1,339,3,0,0,0,0,2,1
"41568, Stopover, KY",41568,1001,1,1,0,0,988,983,8,993,0,0,0,6,1,1,983,33774.46809,26566,14272,1,1,417,3,0,0,0,0,2,1
"41531, Hardy, KY",41531,996,6,6,12,12,961,960,2,994,0,0,0,1,1,0,960,46167.46988,38434,19236,1,1,405,0,0,0,0,0,0,0
"41034, Dover, KY",41034,992,7,7,21,19,954,952,4,988,0,0,0,4,0,0,952,53836.46113,44762,20258,1,1,361,0,0,0,0,0,0,0
"42323, Beechmont, KY",42323,984,1,1,11,12,961,956,9,975,1,0,0,2,3,3,956,53649.76267,35234,20446,0,0,365,1,1,0,0,0,0,0
"40810, Bledsoe, KY",40810,983,0,0,2,2,975,972,3,980,0,0,0,3,0,0,972,38054.58015,27174,15584,0,0,391,1,0,0,0,0,1,0
"40856, Miracle, KY",40856,976,1,0,0,0,961,957,6,970,0,0,1,5,0,0,957,39745.34005,37459,16167,0,0,393,1,0,0,0,0,1,0
"41862, Topmost, KY",41862,974,0,0,0,0,970,966,4,970,0,0,0,4,0,0,966,48783.79188,35804,19734,0,0,392,2,0,0,0,0,2,0
"41804, Blackey, KY",41804,971,0,0,0,0,970,965,5,966,0,0,0,5,0,0,965,62795.28537,43049,26515,0,0,409,2,0,0,0,0,2,0
"42368, Reynolds Station, KY",42368,968,1,1,0,0,955,950,6,962,0,1,0,3,1,1,950,59924.19677,48306,22967,0,0,370,2,0,0,0,1,1,0
"40358, Olympia, KY",40358,961,1,1,4,4,937,935,7,954,0,1,0,1,0,5,935,41520.75472,35909,16029,0,0,365,2,1,0,0,0,1,0
"40923, Cannon, KY",40923,952,0,0,2,2,936,931,7,945,0,0,0,4,0,3,931,39790.33973,29464,15256,0,0,360,1,1,0,0,0,0,0
"41660, Teaberry, KY",41660,950,1,1,2,2,939,939,2,948,0,0,0,0,1,1,939,24011.49871,14772,9782,0,0,383,1,1,0,0,0,0,0
"40155, Muldraugh, KY",40155,940,9,10,69,73,794,767,27,913,0,0,0,19,2,6,767,39875.12136,34811,17477,3,3,354,10,2,0,0,0,7,1
"41385, Vancleve, KY",41385,938,4,4,2,2,921,918,6,932,0,0,0,5,0,1,918,54412.93036,27500,21810,0,0,354,1,0,0,0,0,1,0
"42451, Reed, KY",42451,926,2,2,6,7,906,897,12,914,0,0,0,8,1,3,897,62348.62209,47829,23162,0,0,340,2,1,0,0,0,1,0
"42232, Gracey, KY",42232,925,19,20,56,57,827,814,15,910,0,0,0,10,2,3,814,83551.32153,68284,30622,4,4,307,4,1,0,0,0,3,0
"41274, Wittensville, KY",41274,922,1,1,2,2,909,907,4,918,0,0,0,2,1,1,907,60139.60705,46875,24069,0,0,362,2,1,0,0,0,0,0
"42286, Trenton, KY",42286,918,2,2,56,55,826,799,49,869,2,0,0,26,1,20,799,59454.87278,49773,22163,1,1,307,10,4,1,0,0,4,1
"42722, Canmer, KY",42722,914,1,1,35,40,858,850,10,904,0,0,0,1,6,3,850,59829.09348,52500,23214,0,0,334,2,1,0,0,0,0,1
"42344, Graham, KY",42344,908,2,2,5,5,891,890,2,906,0,0,0,1,1,0,890,46773.52113,37857,18287,0,0,350,0,0,0,0,0,0,0
"41601, Allen, KY",41601,906,0,0,2,2,893,892,1,905,0,0,0,1,0,0,892,59859.4717,38611,24519,0,0,366,1,0,0,0,0,1,0
"41615, Dana, KY",41615,905,0,0,4,4,890,887,5,900,0,0,0,2,0,3,887,62800.74648,48548,24635,0,0,349,1,1,0,0,0,0,0
"41719, Bonnyman, KY",41719,902,22,20,6,6,860,858,10,892,0,0,0,4,2,4,858,61224.22699,32500,27305,8,8,315,2,1,0,0,0,1,0
"40022, Finchville, KY",40022,901,5,6,27,32,854,835,19,882,0,0,0,12,1,6,835,94404.36364,82895,35729,1,1,322,6,1,0,0,0,5,0
"42204, Allensville, KY",42204,897,1,1,128,123,733,702,53,844,0,0,0,37,2,14,702,66860.88401,54643,23986,0,0,259,11,3,0,0,0,8,0
"41544, Mc Carr, KY",41544,889,1,1,0,0,879,877,3,886,0,0,0,3,0,0,877,52651.08455,35341,20314,0,0,342,2,0,0,0,0,2,0
"41836, Mallie, KY",41836,888,0,0,25,25,852,849,6,882,0,0,0,3,1,2,849,48136.01429,31290,19182,0,0,337,2,0,0,0,0,2,0
"42024, Barlow, KY",42024,888,1,1,24,25,842,838,7,881,0,0,0,3,2,2,838,64671.8311,49423,27173,0,0,359,2,0,0,0,0,2,0
"42265, Olmstead, KY",42265,883,3,3,59,58,794,784,28,855,1,1,0,10,1,15,784,67079.88102,50403,28441,1,1,323,6,4,0,0,0,2,0
"40115, Custer, KY",40115,882,1,1,4,4,842,836,13,869,0,2,0,5,1,5,836,48941.64759,38913,18422,0,0,319,3,1,0,0,0,2,0
"40958, Kettle Island, KY",40958,879,0,0,2,2,870,867,5,874,0,0,0,3,1,1,867,31826.10063,27600,11899,0,0,313,2,0,0,0,0,2,0
"42085, Water Valley, KY",42085,868,4,5,17,20,832,810,23,845,0,0,0,17,1,5,810,49384.75783,39180,19970,1,1,335,4,1,0,0,0,2,1
"41667, Weeksbury, KY",41667,848,1,1,62,62,782,780,3,845,0,0,0,2,0,1,780,34317.83217,19318,13112,0,0,264,0,0,0,0,0,0,0
"42236, Herndon, KY",42236,838,11,12,35,38,769,752,22,816,0,0,0,12,6,4,752,62370.08442,56250,22924,2,2,285,7,2,0,0,0,4,1
"40813, Calvin, KY",40813,832,0,0,0,0,822,817,5,827,0,0,0,3,1,1,818,39393.73089,35769,15500,0,0,324,1,0,0,0,0,1,0
"41554, Phyllis, KY",41554,831,2,2,1,1,816,809,9,822,0,0,0,7,2,0,809,43859.9292,36084,17892,0,0,335,1,0,0,0,0,1,0
"41203, Beauty, KY",41203,827,0,0,1,1,816,814,4,823,0,1,0,2,1,0,814,50046.77204,33000,20039,0,0,324,1,0,0,0,1,0,0
"42367, Powderly, KY",42367,827,1,1,0,0,809,804,10,817,0,0,0,2,0,8,804,49295.37222,35652,21497,0,0,357,1,1,0,0,0,0,0
"42123, Austin, KY",42123,821,2,2,3,3,800,789,13,808,0,0,0,9,1,3,789,58826.29755,46695,23359,0,0,322,4,1,0,0,0,3,0
"40434, Gray Hawk, KY",40434,805,1,1,1,1,795,790,5,800,0,0,0,4,0,1,790,37702.26549,23966,15877,0,0,337,1,0,0,0,0,1,0
"41826, Jeremiah, KY",41826,804,0,0,0,0,802,798,4,800,0,0,0,4,0,0,798,45069.23429,26860,19620,0,0,350,1,0,0,0,0,1,0
"42275, Roundhill, KY",42275,792,0,0,2,2,780,779,2,790,0,0,0,1,0,1,779,46433.96178,35789,18410,0,0,310,0,0,0,0,0,0,0
"41564, Sidney, KY",41564,791,0,0,1,1,783,780,5,786,0,0,0,4,1,0,780,53428.62745,43438,20669,0,0,303,2,0,0,0,0,2,0
"41630, Garrett, KY",41630,791,0,0,1,1,786,786,0,791,0,0,0,0,0,0,786,47147.84226,34333,20027,0,0,334,0,0,0,0,0,0,0
"41528, Freeburn, KY",41528,788,1,0,3,3,773,770,4,784,0,0,1,2,1,0,770,44464.32615,34474,18339,0,0,321,1,0,0,0,0,1,0
"42069, Melber, KY",42069,784,4,5,9,11,750,738,17,767,0,0,0,7,3,7,738,76273.70066,66912,29736,1,1,297,3,2,0,0,0,1,0
"40855, Lynch, KY",40855,782,2,2,139,139,627,625,7,775,1,1,0,1,3,1,625,43832.64706,32200,19058,1,1,275,3,1,0,0,1,1,0
"41727, Chavies, KY",41727,782,0,0,1,1,769,766,3,779,0,0,0,2,0,1,766,117319.4539,41667,45608,0,0,302,1,0,0,0,0,1,0
"42753, Knifley, KY",42753,781,1,0,5,7,761,743,20,761,1,0,1,10,0,8,743,54480.34694,41226,20509,1,0,288,4,1,1,1,0,1,0
"41257, Stambaugh, KY",41257,778,2,2,4,4,768,767,1,777,0,0,0,1,0,0,767,41677.03526,30918,16714,1,1,309,1,0,0,0,0,1,0
"41255, Sitka, KY",41255,777,3,3,1,1,765,765,0,777,0,0,0,0,0,0,765,35188.19018,29211,14764,1,1,324,0,0,0,0,0,0,0
"41352, Mize, KY",41352,774,1,1,1,1,766,758,9,765,0,0,0,8,1,0,758,45438.70968,27778,18199,0,0,307,2,0,0,0,0,2,0
"41166, Quincy, KY",41166,771,0,0,5,5,754,747,8,763,0,0,0,7,0,1,747,42981.9398,27222,16669,0,0,297,1,0,0,0,0,1,0
"41839, Mousie, KY",41839,767,1,1,4,3,755,754,2,765,1,0,0,1,0,0,754,45243.30065,34512,19043,0,0,304,0,0,0,0,0,0,0
"42533, Ferguson, KY",42533,766,7,5,15,16,710,688,45,721,0,0,2,21,3,19,688,46109.88552,27500,18145,1,1,278,9,5,0,0,0,3,1
"40010, Buckner, KY",40010,764,7,7,10,8,727,707,34,730,1,0,0,21,6,6,706,132050.3038,116848,41217,2,2,229,5,1,0,0,0,4,0
"40763, Siler, KY",40763,764,1,1,0,0,749,744,6,758,0,0,0,4,0,2,744,30375.63291,23750,12564,0,0,311,1,0,0,0,0,1,0
"41642, Ivel, KY",41642,761,2,3,2,3,751,745,6,755,0,0,0,4,0,2,745,46870.27389,42258,19350,1,1,309,1,0,0,0,0,1,0
"40862, Partridge, KY",40862,759,0,0,3,3,746,746,0,759,0,0,0,0,0,0,746,50401.02318,41986,20163,0,0,297,0,0,0,0,0,0,0
"41558, Ransom, KY",41558,759,2,2,0,0,754,754,1,758,0,0,0,1,0,0,754,34958.72274,28542,14785,0,0,320,0,0,0,0,0,0,0
"41408, Cannel City, KY",41408,756,1,1,1,1,748,743,6,750,0,0,0,5,1,0,744,46421.16667,33788,18421,0,0,298,1,0,0,0,0,1,0
"41828, Kite, KY",41828,749,0,0,0,0,744,744,1,748,0,0,0,1,0,0,744,54973.75,42647,22019,0,0,298,1,0,0,0,0,1,0
"41831, Leburn, KY",41831,738,0,0,2,2,729,729,2,736,0,0,0,0,2,0,729,49814.7451,35968,20694,0,0,303,0,0,0,0,0,0,0
"42565, Windsor, KY",42565,737,2,2,9,9,701,693,18,719,1,0,0,5,1,11,694,48414.19011,35833,17636,0,0,259,4,2,0,0,0,2,0
"41835, Mc Roberts, KY",41835,736,0,0,12,13,713,711,3,733,0,0,0,0,1,2,711,54357.21405,34016,22083,0,0,290,1,1,0,0,0,0,0
"40840, Helton, KY",40840,735,0,0,3,2,730,729,2,733,0,0,0,2,0,0,729,41051.98635,26212,16365,0,0,293,1,0,0,0,0,1,0
"41815, Ermine, KY",41815,733,0,0,0,0,733,731,2,731,0,0,0,2,0,0,731,44476.85091,23824,16720,0,0,275,0,0,0,0,0,0,0
"40152, Mc Daniels, KY",40152,728,4,4,2,2,712,709,5,723,0,0,0,4,1,0,709,52181.64983,55870,21599,0,0,292,2,0,0,0,0,2,0
"41149, Isonville, KY",41149,728,2,2,0,0,720,716,6,722,0,0,0,3,1,2,716,23229.88235,16343,8679,0,0,270,1,1,0,0,0,0,0
"41636, Hi Hat, KY",41636,728,0,0,0,0,725,725,0,728,0,0,0,0,0,0,725,53765.05298,45086,22304,0,0,300,0,0,0,0,0,0,0
"41503, South Williamson, KY",41503,723,25,24,11,11,660,656,20,703,0,0,0,5,2,13,656,49062.98077,31190,23733,6,6,296,5,3,0,0,0,1,1
"41721, Buckhorn, KY",41721,723,0,0,3,3,714,713,2,721,0,1,0,0,0,1,712,41246.4539,29688,16539,0,0,281,0,0,0,0,0,0,0
"41513, Belcher, KY",41513,721,1,1,0,0,714,710,6,715,0,0,0,4,1,1,710,40318.39465,30128,16720,0,0,298,2,0,0,0,0,2,0
"41843, Pine Top, KY",41843,719,0,0,1,1,716,714,2,717,0,0,0,2,0,0,714,46008.11745,35000,19069,0,0,296,1,0,0,0,0,1,0
"40940, Frakes, KY",40940,718,0,0,0,0,707,704,4,714,0,0,0,3,0,1,704,26633.9527,22895,10980,0,0,292,1,0,0,0,0,1,0
"40445, Livingston, KY",40445,714,1,0,2,2,698,696,3,711,0,0,1,2,0,0,696,33317.38411,20349,14092,1,0,295,2,0,0,1,0,1,0
"41725, Carrie, KY",41725,707,1,1,2,2,700,699,3,704,0,0,0,2,0,1,699,53250.83813,37083,21362,0,0,276,1,0,0,0,0,0,0
"41045, Ghent, KY",41045,706,13,13,13,13,640,638,23,683,0,2,0,1,3,17,638,86064.69925,61111,32434,2,2,246,5,5,0,0,0,0,0
"41264, Ulysses, KY",41264,697,0,0,0,0,694,694,0,697,0,0,0,0,0,0,694,43134.43223,37143,16895,0,0,272,0,0,0,0,0,0,0
"41602, Auxier, KY",41602,694,1,1,3,3,680,676,5,689,0,0,0,5,0,0,676,50297.01987,39444,21904,1,1,297,1,0,0,0,0,1,0
"42566, Yosemite, KY",42566,694,1,1,1,1,683,678,6,688,0,0,0,5,0,1,678,49066.60791,38750,20330,0,0,274,2,1,0,0,0,1,0
"40820, Cranks, KY",40820,689,0,0,6,6,673,673,0,689,0,0,0,0,0,0,673,35791.63498,29211,13662,0,0,259,0,0,0,0,0,0,0
"41548, Mouthcard, KY",41548,686,0,0,3,4,680,677,3,683,0,0,0,2,0,1,678,51440.2439,45147,21521,0,0,286,1,0,0,0,0,1,0
"40863, Pathfork, KY",40863,685,1,1,0,0,683,683,0,685,0,0,0,0,0,0,683,44802.55,32447,19622,0,0,300,0,0,0,0,0,0,0
"42280, Sharon Grove, KY",42280,683,1,2,1,2,670,654,22,661,0,1,0,13,1,7,654,38611.18182,26944,14303,0,0,249,4,2,0,0,0,2,0
"41559, Regina, KY",41559,676,1,1,4,3,667,666,2,674,0,0,0,2,0,0,666,36291.12319,27414,14817,0,0,274,0,0,0,0,0,0,0
"41655, Printer, KY",41655,672,0,0,0,0,669,665,4,668,0,0,0,2,2,0,665,59041.70522,42317,23546,0,0,268,1,0,0,0,0,1,0
"41631, Grethel, KY",41631,666,2,2,1,1,659,658,3,663,0,0,0,1,0,2,658,48452.27273,32750,19206,0,0,261,1,1,0,0,0,0,0
"42541, Middleburg, KY",42541,662,1,1,1,0,639,639,7,655,1,1,0,2,0,3,638,59297.7594,53636,23846,1,1,259,2,1,0,0,0,1,0
"41855, Thornton, KY",41855,660,0,0,1,1,655,650,5,655,0,0,0,5,0,0,650,56503.04183,46875,22516,0,0,261,1,0,0,0,0,1,0
"40012, Chaplin, KY",40012,659,1,1,4,5,637,627,16,643,0,0,0,8,0,8,627,51247.13846,43529,20219,0,0,255,4,2,0,0,0,2,0
"42028, Burna, KY",42028,659,1,1,2,2,645,643,4,655,0,0,0,3,1,0,643,52877.20578,36429,22226,0,0,271,1,0,0,0,0,0,0
"41764, Smilax, KY",41764,655,0,0,0,0,648,645,3,652,0,0,0,3,0,0,645,50405.85507,41250,21240,0,0,273,1,0,0,0,0,1,0
"40827, Essie, KY",40827,652,0,0,2,2,648,647,1,651,0,0,0,1,0,0,647,41485.87597,24773,16416,0,0,258,0,0,0,0,0,0,0
"42214, Center, KY",42214,650,0,0,17,16,619,614,9,641,0,0,0,6,1,2,614,47277.0428,33788,18693,0,0,249,2,0,0,0,0,2,0
"41746, Happy, KY",41746,641,1,1,6,6,633,630,3,638,0,0,0,3,0,0,630,41674.27386,28333,15668,0,0,240,1,0,0,0,0,1,0
"40988, Stoney Fork, KY",40988,640,0,0,1,1,636,633,3,637,0,0,0,2,0,1,633,36088.61004,34250,14605,0,0,259,1,0,0,0,0,1,0
"41232, Lowmansville, KY",41232,640,1,1,2,2,634,634,0,640,0,0,0,0,0,0,634,42711.66008,33438,16884,0,0,251,0,0,0,0,0,0,0
"40170, Stephensport, KY",40170,636,0,0,2,2,621,618,5,631,0,0,0,4,0,1,618,52133.33333,53030,19427,0,0,234,1,0,0,0,0,1,0
"40826, Eolia, KY",40826,632,0,0,0,0,622,615,7,625,0,0,0,7,0,0,615,42462.97083,33542,16141,0,0,235,1,0,0,0,0,1,0
"41666, Wayland, KY",41666,632,0,0,0,0,629,626,3,629,0,0,0,3,0,0,626,44096.71212,28333,18420,0,0,262,0,0,0,0,0,0,0
"41754, Krypton, KY",41754,631,0,0,3,4,616,612,7,624,0,0,0,2,0,5,611,77996.94937,47000,29295,0,0,235,1,0,0,0,0,1,0
"40943, Girdler, KY",40943,629,0,0,0,0,619,615,5,624,0,0,0,3,0,2,616,33469.375,27051,12771,0,0,237,1,0,0,0,0,0,0
"41605, Betsy Layne, KY",41605,629,7,7,3,2,607,605,3,626,1,0,0,1,1,0,605,71847.14717,56604,30269,1,1,259,1,0,0,0,0,1,0
"41146, Hitchins, KY",41146,627,1,1,3,3,616,614,2,625,0,0,0,1,0,1,614,53394.5641,42742,19927,1,1,231,0,0,0,0,0,0,0
"41563, Shelby Gap, KY",41563,616,1,1,1,1,606,605,2,614,0,0,0,1,0,1,604,45905.2,36875,18630,0,0,247,1,0,0,0,0,1,0
"40845, Hulen, KY",40845,607,0,0,0,0,602,601,1,606,0,0,0,1,0,0,601,39102.70833,35476,15475,0,0,237,0,0,0,0,0,0,0
"40858, Mozelle, KY",40858,603,0,0,3,3,600,598,2,601,0,0,0,2,0,0,598,38138.17992,25741,15116,0,0,239,1,0,0,0,0,1,0
"41817, Garner, KY",41817,601,1,1,2,2,592,591,1,600,0,0,0,1,0,0,592,52614.29218,40250,21873,0,0,241,0,0,0,0,0,0,0
"41834, Littcarr, KY",41834,600,1,1,3,4,583,579,8,592,0,0,0,2,0,6,579,54603.56574,32843,22842,0,0,247,2,1,0,0,0,1,0
"42764, Mount Sherman, KY",42764,600,1,1,11,10,578,573,8,592,0,0,0,7,0,1,573,51123.15319,42500,20023,0,0,229,2,0,0,0,0,2,0
"40040, Mackville, KY",40040,590,1,1,3,4,574,566,9,581,0,0,0,4,0,5,566,56893.69369,49400,21407,0,0,220,1,0,0,0,0,1,0
"41619, Drift, KY",41619,584,0,0,1,1,577,576,1,583,0,0,0,0,1,0,576,47251.76724,31129,18771,0,0,231,0,0,0,0,0,0,0
"41524, Fedscreek, KY",41524,578,1,1,0,0,575,573,2,576,0,0,0,2,0,0,573,50802.58621,35469,20391,1,1,231,1,0,0,0,0,1,0
"42154, Knob Lick, KY",42154,578,1,1,22,24,542,537,11,567,0,0,0,3,1,7,537,45220.78788,37500,18073,0,0,220,2,1,0,0,0,1,0
"41543, Mc Andrews, KY",41543,576,1,1,6,6,560,559,2,574,0,0,0,2,0,0,559,44996.94323,36304,17889,1,1,223,1,0,0,0,0,1,0
"40178, Westview, KY",40178,574,0,0,2,2,558,558,1,573,0,0,0,1,0,0,558,61778.79253,55634,25955,0,0,233,1,0,0,0,0,1,0
"40854, Loyall, KY",40854,559,3,3,2,2,552,551,2,557,0,0,0,1,0,1,551,51305.89695,32813,24047,0,0,261,1,1,0,0,0,0,0
"41560, Robinson Creek, KY",41560,559,1,1,1,1,555,553,2,557,0,0,0,2,0,0,553,66634.8658,57031,27536,0,0,230,1,0,0,0,0,1,0
"42453, Saint Charles, KY",42453,559,2,2,0,0,548,546,3,556,0,0,0,1,1,1,546,60295.35398,44767,24377,0,0,225,0,0,0,0,0,0,0
"41254, River, KY",41254,556,1,1,1,1,549,546,3,553,0,0,0,3,0,0,546,65283.1,54167,25867,0,0,217,1,0,0,0,0,1,0
"41847, Redfox, KY",41847,552,1,1,48,46,498,498,2,550,0,0,0,2,0,0,497,45737.15929,29318,18726,0,0,210,1,0,0,0,0,1,0
"40070, Sulphur, KY",40070,545,4,4,8,9,513,507,19,526,0,1,0,5,1,12,507,77426.27586,62755,28840,0,0,197,3,2,0,0,0,1,0
"41204, Boons Camp, KY",41204,545,0,0,1,1,539,538,1,544,0,0,0,1,0,0,538,44616.42157,39000,16893,0,0,200,0,0,0,0,0,0,0
"41571, Varney, KY",41571,539,0,0,1,1,534,531,3,536,0,0,0,3,0,0,531,55004.375,40357,22859,0,0,223,1,0,0,0,0,1,0
"41763, Slemp, KY",41763,536,0,0,0,0,534,533,1,535,0,0,0,1,0,0,533,32504.05405,23636,13463,0,0,221,1,0,0,0,0,1,0
"41821, Hallie, KY",41821,534,0,0,1,1,529,529,1,533,0,0,0,1,0,0,529,42454.43946,22778,17729,0,0,221,1,0,0,0,0,1,0
"40145, Hudson, KY",40145,527,1,1,1,1,515,513,2,525,0,0,0,0,2,0,513,43032.29665,41972,17066,0,0,205,1,0,0,0,0,0,0
"40052, New Hope, KY",40052,523,1,1,3,3,512,507,5,518,0,0,0,4,0,1,507,70183.98936,48421,25655,0,0,186,1,0,0,0,0,1,0
"41622, Eastern, KY",41622,522,0,0,1,1,519,517,2,520,0,0,0,1,1,0,517,66188.18537,52885,25993,0,0,204,0,0,0,0,0,0,0
"42354, Mc Henry, KY",42354,506,1,2,0,0,496,490,7,499,0,0,0,3,1,3,490,56918.81081,46379,20810,0,0,184,0,0,0,0,0,0,0
"41616, David, KY",41616,502,1,1,0,0,501,499,2,500,0,0,0,2,0,0,499,43406.61224,30333,16948,0,0,196,0,0,0,0,0,0,0
"40171, Union Star, KY",40171,501,0,0,0,0,490,485,5,496,0,0,0,4,0,1,485,50783.24176,52551,18448,0,0,180,1,0,0,0,0,1,0
"42516, Bethelridge, KY",42516,499,1,1,2,2,489,484,6,493,0,0,0,5,0,1,484,47646.64948,42500,18611,0,0,191,1,0,0,0,0,1,0
"42371, Rumsey, KY",42371,495,0,0,2,2,488,485,3,492,0,0,0,2,0,1,485,56280.82464,47931,23990,0,0,209,1,0,0,0,0,1,0
"40209, Louisville, KY",40209,494,12,12,48,47,410,402,17,477,1,0,0,8,4,4,402,49339.95327,43571,21701,4,4,186,7,1,0,0,0,4,2
"40870, Totz, KY",40870,493,2,2,1,1,486,482,5,488,0,0,0,4,0,1,482,58547.14286,48302,24939,1,1,207,1,0,0,0,0,1,0
"41566, Steele, KY",41566,487,1,1,0,0,486,484,2,485,0,0,0,2,0,0,484,51259.07216,35600,20419,1,1,193,1,0,0,0,0,0,0
"41263, Tutor Key, KY",41263,483,1,1,3,3,476,473,3,480,0,0,0,3,0,0,473,54979.14439,46613,21798,0,0,187,1,0,0,0,0,1,0
"41766, Thousandsticks, KY",41766,474,0,0,1,1,470,466,4,470,0,0,0,4,0,0,466,46873.35025,34286,19625,0,0,196,1,0,0,0,0,1,0
"40913, Beverly, KY",40913,473,0,0,1,1,469,466,5,468,0,0,0,3,0,2,466,29517.02703,22188,12124,0,0,183,1,0,0,0,0,1,0
"40865, Putney, KY",40865,471,2,2,1,1,461,461,2,469,0,0,0,0,0,2,461,54843.44149,39000,21919,0,0,185,1,1,0,0,0,0,0
"41132, Denton, KY",41132,471,2,2,1,1,459,456,4,467,0,0,0,2,0,2,456,55992.50847,43750,21042,1,1,173,1,1,0,0,0,0,0
"42035, Cunningham, KY",42035,470,3,4,5,7,449,442,10,460,0,0,0,3,2,5,442,81813.85,81818,31566,1,1,177,2,1,0,0,0,1,0
"40077, Westport, KY",40077,465,3,2,8,9,435,431,14,451,0,1,1,3,1,8,431,80869.54286,71622,30435,1,1,168,4,2,0,0,1,1,0
"41663, Tram, KY",41663,461,0,0,5,5,450,450,1,460,0,0,0,1,0,0,450,67889.23164,54545,26066,0,0,171,0,0,0,0,0,0,0
"41135, Emerson, KY",41135,459,0,0,4,4,450,447,3,456,1,0,0,2,0,0,447,63061.08108,53448,25417,0,0,182,1,0,0,0,0,0,0
"41604, Beaver, KY",41604,451,0,0,0,0,448,446,2,449,0,0,0,2,0,0,447,34615.05618,22179,13662,0,0,178,1,0,0,0,0,1,0
"41547, Majestic, KY",41547,446,0,0,2,2,437,435,3,443,0,0,0,2,1,0,435,42725.75543,32917,17627,0,0,182,1,0,0,0,0,0,0
"41669, Wheelwright, KY",41669,445,0,0,11,11,432,431,1,444,0,0,0,1,0,0,431,41644.66292,30600,17074,0,0,172,0,0,0,0,0,0,0
"40819, Coldiron, KY",40819,444,0,0,1,1,438,437,1,443,0,0,0,1,0,0,437,49205.83333,38261,19948,0,0,178,0,0,0,0,0,0,0
"41540, Lick Creek, KY",41540,444,0,0,2,2,441,440,2,442,0,0,0,1,0,1,440,50789.94709,49318,21620,0,0,189,1,0,0,0,0,0,0
"41751, Jeff, KY",41751,444,0,0,1,1,437,436,3,441,0,0,0,1,1,1,436,62646.22093,52273,24268,0,0,171,0,0,0,0,0,0,0
"41759, Sassafras, KY",41759,444,0,0,20,21,417,415,3,441,0,0,0,1,1,1,415,46501.42857,28571,18328,0,0,167,1,0,0,0,0,0,0
"42762, Millwood, KY",42762,444,0,0,3,4,435,428,9,435,0,0,0,6,1,2,428,50488.36628,37727,19559,0,0,171,2,0,0,0,0,2,0
"41268, West Van Lear, KY",41268,443,0,0,0,0,440,439,1,442,0,0,0,1,0,0,439,49121.22093,42500,19323,0,0,170,0,0,0,0,0,0,0
"42321, Beech Creek, KY",42321,442,1,1,13,14,423,420,4,438,0,0,0,2,1,1,420,61592.40351,39375,23829,0,0,164,1,0,0,0,0,1,0
"41659, Stanville, KY",41659,438,4,4,1,1,426,424,3,435,0,0,0,2,0,1,424,61648.72283,49000,25898,1,1,181,0,0,0,0,0,0,0
"40983, Sextons Creek, KY",40983,434,0,0,1,1,431,430,2,432,0,0,0,2,0,0,430,40046.82716,23696,16469,0,0,160,1,0,0,0,0,1,0
"41234, Meally, KY",41234,434,5,5,0,0,426,424,3,431,0,0,0,2,0,1,424,79704.48276,46000,33822,1,1,172,2,1,0,0,0,1,0
"42631, Marshes Siding, KY",42631,434,0,0,0,0,425,423,4,430,0,0,0,2,2,0,424,49143.29268,41207,18570,0,0,162,1,0,0,0,0,0,0
"41159, Martha, KY",41159,430,0,0,0,0,429,428,1,429,0,0,0,1,0,0,428,35614.45087,30556,14329,0,0,173,1,0,0,0,0,1,0
"40949, Heidrick, KY",40949,426,1,1,7,7,412,412,1,425,0,0,0,0,0,1,412,45868.27586,23947,18735,0,0,171,0,0,0,0,0,0,0
"41606, Bevinsville, KY",41606,420,0,0,3,3,415,414,1,419,0,0,0,1,0,0,414,41947.44318,31897,17578,0,0,173,0,0,0,0,0,0,0
"41621, Dwale, KY",41621,419,2,2,21,22,391,388,6,413,0,0,0,2,1,3,388,30845.88608,22917,12548,1,1,156,1,0,0,0,0,1,0
"41535, Huddy, KY",41535,418,0,0,5,5,408,407,1,417,0,0,0,1,0,0,407,41342.15116,36579,17012,0,0,169,0,0,0,0,0,0,0
"41607, Blue River, KY",41607,416,1,1,0,0,414,413,1,415,0,0,0,1,0,0,413,42799.08537,30652,16873,0,0,164,0,0,0,0,0,0,0
"42273, Rochester, KY",42273,415,1,1,0,0,409,405,5,410,0,1,0,3,0,1,405,62707.09412,46786,25687,0,0,169,1,0,0,0,0,1,0
"40939, Fourmile, KY",40939,413,0,0,3,3,407,406,1,412,0,0,0,1,0,0,406,51775.65882,34444,21312,0,0,167,0,0,0,0,0,0,0
"40481, Sandgap, KY",40481,411,1,1,0,0,404,400,5,406,0,0,0,4,1,0,400,52517.13772,37609,21339,0,0,166,2,0,0,0,0,2,0
"41317, Clayhole, KY",41317,407,0,0,1,1,402,402,1,406,0,0,0,0,0,1,402,40047.82609,27000,16191,0,0,161,0,0,0,0,0,0,0
"42361, Olaton, KY",42361,405,1,1,0,0,399,395,6,399,0,0,0,5,0,1,395,59321.9871,46250,22703,0,0,153,1,0,0,0,0,1,0
"41713, Avawam, KY",41713,403,7,6,3,3,385,385,5,398,0,0,0,2,1,2,385,55493.42958,32826,24342,3,3,137,1,0,0,0,0,0,0
"41464, Royalton, KY",41464,401,1,1,0,0,393,391,2,399,0,0,0,1,1,0,391,34328.4,19231,14125,0,0,161,1,0,0,0,0,0,1
"41365, Rogers, KY",41365,399,0,0,0,0,396,395,3,396,0,0,0,2,0,1,395,43476.06061,31500,17979,0,0,165,0,0,0,0,0,0,0
"41845, Premium, KY",41845,395,0,0,0,0,393,393,0,395,0,0,0,0,0,0,393,40174.85714,26739,17799,0,0,175,0,0,0,0,0,0,0
"41534, Hellier, KY",41534,393,0,0,1,1,385,383,2,391,0,1,0,1,0,0,383,54668.24324,43889,20588,0,0,147,0,0,0,0,0,0,0
"42638, Revelo, KY",42638,390,0,0,0,0,382,381,3,387,0,0,0,2,1,0,381,49056.75676,41346,18616,0,0,146,1,0,0,0,0,0,0
"41632, Gunlock, KY",41632,388,1,1,0,0,380,378,2,386,0,0,0,1,1,0,378,34290.875,19167,14141,0,0,156,1,0,0,0,0,0,1
"42157, Mount Hermon, KY",42157,384,0,0,1,1,374,371,3,381,0,0,0,1,1,1,371,53920.83333,37500,20220,0,0,141,0,0,0,0,0,0,0
"40801, Ages Brookside, KY",40801,382,0,0,9,9,370,369,1,381,0,0,0,1,0,0,369,28014.33566,17414,10487,0,0,141,0,0,0,0,0,0,0
"42156, Lucas, KY",42156,380,0,0,1,1,373,370,4,376,0,0,0,3,0,1,370,59972.62162,49444,23358,0,0,148,1,0,0,0,0,1,0
"41777, Yeaddiss, KY",41777,378,0,0,0,0,373,372,1,377,0,0,0,1,0,0,372,55355.34591,47321,23284,0,0,157,1,0,0,0,0,1,0
"41714, Bear Branch, KY",41714,377,1,1,1,1,369,369,0,377,0,0,0,0,0,0,369,49449.65031,29500,21380,1,1,158,0,0,0,0,0,0,0
"41214, Debord, KY",41214,375,1,1,80,72,290,266,32,343,1,0,0,31,0,0,266,53667.01031,40526,15844,0,0,96,0,0,0,0,0,0,0
"42151, Hestand, KY",42151,373,0,0,8,8,361,355,7,366,0,0,0,6,0,1,355,40897.44,25625,17904,0,0,147,2,0,0,0,0,2,0
"42083, Tiline, KY",42083,372,0,0,1,0,364,360,5,367,1,0,0,3,1,0,359,46928.04054,39737,18670,0,0,146,1,0,0,0,0,1,0
"41838, Millstone, KY",41838,371,0,0,1,1,367,365,2,369,0,0,0,2,0,0,365,51043.46405,40294,21050,0,0,152,1,0,0,0,0,1,0
"40927, Closplint, KY",40927,367,0,0,0,0,357,357,0,367,0,0,0,0,0,0,357,34283.89262,18684,13919,0,0,147,0,0,0,0,0,0,0
"42326, Browder, KY",42326,360,0,0,8,10,345,341,5,355,0,0,0,1,1,3,341,61918.76259,37727,23908,0,0,135,1,0,0,0,0,0,0
"42741, Glens Fork, KY",42741,351,0,0,2,2,341,337,5,346,0,0,0,4,0,1,338,43789.86486,36765,18464,0,0,146,1,0,0,0,0,1,0
"41729, Combs, KY",41729,347,13,13,2,2,325,323,5,342,0,0,0,2,1,2,323,60121.30081,30172,28991,5,5,117,1,0,0,0,0,0,0
"40941, Garrard, KY",40941,344,1,1,26,26,311,304,9,335,0,0,0,7,1,1,304,43308.37419,22619,19667,1,1,141,1,0,0,0,0,1,0
"41527, Forest Hills, KY",41527,330,7,6,5,5,316,316,1,329,0,0,0,1,0,0,316,80183.29496,69737,33774,2,2,135,0,0,0,0,0,0,0
"41812, Deane, KY",41812,329,0,0,0,0,326,326,1,328,0,0,0,1,0,0,326,45135.44776,37500,18383,0,0,133,0,0,0,0,0,0,0
"41271, Williamsport, KY",41271,326,1,1,2,2,321,320,1,325,0,0,0,1,0,0,321,42036.47541,38913,16551,0,0,121,0,0,0,0,0,0,0
"41825, Jackhorn, KY",41825,325,0,0,1,1,318,317,1,324,0,0,0,1,0,0,318,37925.17986,28684,16220,0,0,137,1,0,0,0,0,1,0
"41421, Elkfork, KY",41421,324,0,0,0,0,320,318,2,322,0,0,0,2,0,0,318,37290.94488,22333,14617,0,0,126,0,0,0,0,0,0,0
"41833, Linefork, KY",41833,324,0,0,0,0,319,317,2,322,0,1,0,1,0,0,317,32767.91045,18704,13552,0,0,132,1,0,0,0,0,1,0
"40849, Lejunior, KY",40849,322,0,0,3,3,311,311,1,321,0,1,0,0,0,0,311,35383.83459,21316,14615,0,0,130,0,0,0,0,0,0,0
"40997, Walker, KY",40997,322,0,0,0,0,319,317,2,320,0,0,0,2,0,0,317,27131.57895,19400,11207,0,0,132,1,0,0,0,0,1,0
"42715, Breeding, KY",42715,320,1,1,1,1,311,310,3,317,0,0,0,2,0,1,309,40098.04688,32692,16039,0,0,125,1,0,0,0,0,1,0
"41360, Pine Ridge, KY",41360,317,0,0,0,0,315,313,2,315,0,0,0,1,0,1,313,42395.41985,31471,17534,0,0,131,0,0,0,0,0,0,0
"41226, Keaton, KY",41226,309,0,0,0,0,308,307,1,308,0,0,0,1,0,0,307,58174.12281,46250,21462,0,0,114,0,0,0,0,0,0,0
"42369, Rockport, KY",42369,296,0,0,0,0,295,293,2,294,0,0,0,2,0,0,293,53452.94118,45000,21492,0,0,119,0,0,0,0,0,0,0
"42374, South Carrollton, KY",42374,296,2,2,5,4,284,283,2,294,0,0,0,2,0,0,283,44535.89744,33824,17686,0,0,114,0,0,0,0,0,0,0
"41819, Gordon, KY",41819,292,0,0,0,0,290,289,1,291,0,0,0,1,0,0,289,26940.15748,13913,11717,0,0,125,1,0,0,0,0,1,0
"40982, Scalf, KY",40982,290,0,0,1,1,287,285,2,288,0,0,0,2,0,0,285,50449.40351,21842,19832,0,0,113,1,0,0,0,0,1,0
"40995, Trosper, KY",40995,289,0,0,0,0,287,287,0,289,0,0,0,0,0,0,287,20581.93277,13235,8475,0,0,119,0,0,0,0,0,0,0
"41367, Rowdy, KY",41367,275,0,0,1,1,268,268,0,275,0,0,0,0,0,0,268,67404.81481,45000,26472,0,0,107,0,0,0,0,0,0,0
"41201, Adams, KY",41201,274,0,0,1,1,268,268,1,273,0,0,0,1,0,0,268,40195.90909,30714,16137,0,0,109,1,0,0,0,0,0,0
"42285, Sweeden, KY",42285,271,1,1,1,1,267,267,1,270,0,0,0,1,0,0,267,49933.02752,43333,20084,0,0,109,0,0,0,0,0,0,0
"40350, Moorefield, KY",40350,270,1,1,2,1,264,261,5,265,0,0,0,4,0,1,261,64950.69697,54464,23815,0,0,98,1,0,0,0,0,1,0
"42788, White Mills, KY",42788,270,2,2,1,1,260,260,1,269,0,0,0,1,0,0,260,77061.39048,64474,29968,0,0,103,0,0,0,0,0,0,0
"40062, Saint Francis, KY",40062,260,1,1,2,2,254,252,2,258,0,0,0,2,0,0,252,61777,44545,23523,0,0,97,1,0,0,0,0,0,0
"41859, Dema, KY",41859,260,0,0,0,0,259,259,1,259,0,0,0,1,0,0,259,52297.05714,40294,21120,0,0,104,0,0,0,0,0,0,0
"40946, Green Road, KY",40946,256,0,0,0,0,253,252,1,255,0,0,0,1,0,0,253,47803.68421,33571,17740,0,0,94,0,0,0,0,0,0,0
"40036, Lockport, KY",40036,255,0,0,2,3,250,247,4,251,0,0,0,2,0,2,247,63895.51456,52083,25809,0,0,102,1,0,0,0,0,0,0
"41832, Letcher, KY",41832,253,0,0,0,0,253,250,3,250,0,0,0,3,0,0,250,60810.74775,40000,26680,0,0,111,1,0,0,0,0,1,0
"40448, Mc Kinney, KY",40448,248,0,0,3,5,238,233,5,243,0,0,0,1,1,3,233,56954.5,50000,22966,0,0,97,1,1,0,0,0,0,0
"41142, Grahn, KY",41142,245,0,0,0,0,242,239,3,242,0,0,0,3,0,0,239,46903.68421,32727,18187,0,0,95,1,0,0,0,0,1,0
"40007, Bethlehem, KY",40007,244,0,0,1,1,241,238,3,241,0,0,0,2,0,1,238,57777.77778,48636,23443,0,0,99,1,0,0,0,0,1,0
"41745, Gays Creek, KY",41745,243,0,0,1,1,239,239,1,242,0,0,0,0,0,1,239,40448.94737,29167,16269,0,0,95,0,0,0,0,0,0,0
"40830, Gulston, KY",40830,230,0,0,2,2,226,225,1,229,0,0,0,1,0,0,225,53469.46237,27353,21620,0,0,92,0,0,0,0,0,0,0
"41735, Delphia, KY",41735,222,0,0,0,0,220,220,0,222,0,0,0,0,0,0,220,35008.69565,23421,14508,0,0,91,0,0,0,0,0,0,0
"41849, Seco, KY",41849,221,0,0,1,0,219,219,1,220,0,0,0,1,0,0,219,45384.57447,33947,19304,0,0,93,1,0,0,0,0,1,0
"42254, La Fayette, KY",42254,221,2,2,13,14,200,195,7,214,0,0,0,4,2,1,195,56643.9759,51316,21352,0,0,75,2,1,0,0,0,1,0
"41390, Whick, KY",41390,220,0,0,0,0,220,218,2,218,0,0,0,2,0,0,218,32086.07595,27308,11522,0,0,79,0,0,0,0,0,0,0
"41567, Stone, KY",41567,220,0,0,2,2,214,214,1,219,0,0,0,1,0,0,214,43135.79545,35833,17254,0,0,86,0,0,0,0,0,0,0
"42047, Hampton, KY",42047,220,0,0,0,0,217,216,1,219,0,0,0,1,0,0,216,55217.93478,36250,23091,0,0,91,0,0,0,0,0,0,0
"42758, Mannsville, KY",42758,217,0,0,2,2,212,209,4,213,0,0,0,4,0,0,209,46686.41975,42105,17427,0,0,80,1,0,0,0,0,1,0
"40874, Warbranch, KY",40874,213,0,0,0,0,212,212,0,213,0,0,0,0,0,0,212,44138.14118,24167,17614,0,0,85,0,0,0,0,0,0,0
"41861, Raven, KY",41861,212,0,0,0,0,211,211,0,212,0,0,0,0,0,0,211,54345.04706,43000,21981,0,0,84,0,0,0,0,0,0,0
"41772, Vest, KY",41772,208,0,0,1,2,206,205,1,207,0,0,0,0,1,0,206,42918.07229,39737,17126,0,0,82,0,0,0,0,0,0,0
"41712, Ary, KY",41712,192,0,0,0,0,192,192,0,192,0,0,0,0,0,0,192,54819.26582,42000,22556,0,0,79,0,0,0,0,0,0,0
"42163, Rocky Hill, KY",42163,192,1,2,2,2,186,181,5,187,0,0,0,3,1,1,181,48251.36986,39615,18346,0,0,71,1,0,0,0,0,1,0
"42130, Eighty Eight, KY",42130,185,1,1,2,2,179,177,3,182,0,0,0,2,0,1,177,70198.94286,52941,26562,0,0,69,1,1,0,0,0,0,0
"41052, Jonesville, KY",41052,180,1,1,0,0,176,175,2,178,0,0,0,1,0,1,175,65629.23077,57143,23699,0,0,65,0,0,0,0,0,0,0
"40316, Denniston, KY",40316,167,0,0,0,0,165,165,1,166,0,0,0,1,0,0,165,46380.44776,31364,18679,0,0,66,0,0,0,0,0,0,0
"40843, Holmes Mill, KY",40843,162,0,0,0,0,159,159,0,162,0,0,0,0,0,0,159,33525.78125,21250,13743,0,0,63,0,0,0,0,0,0,0
"42370, Rosine, KY",42370,154,0,0,0,0,152,152,0,154,0,0,0,0,0,0,152,36160.83333,28333,14089,0,0,60,0,0,0,0,0,0,0
"41366, Rousseau, KY",41366,152,0,0,0,0,151,150,2,150,0,0,0,2,0,0,150,38925.5873,24286,16154,0,0,63,0,0,0,0,0,0,0
"40808, Big Laurel, KY",40808,146,0,0,1,1,144,144,0,146,0,0,0,0,0,0,144,50230.57377,21667,20987,0,0,61,0,0,0,0,0,0,0
"40161, Rhodelia, KY",40161,130,0,0,1,1,126,126,1,129,0,0,0,1,0,0,126,54220.83333,45714,20020,0,0,47,0,0,0,0,0,0,0
"42032, Columbus, KY",42032,128,0,0,16,16,107,106,2,126,0,0,0,1,1,0,106,47400,38750,18516,0,0,42,1,0,0,0,0,1,0
"42124, Beaumont, KY",42124,120,0,0,1,0,119,119,1,119,0,0,0,1,0,0,119,58068.875,28333,23228,0,0,48,0,0,0,0,0,0,0
"41775, Wendover, KY",41775,117,0,0,0,0,116,116,0,117,0,0,0,0,0,0,116,49408.08333,23889,20429,0,0,48,0,0,0,0,0,0,0
"41762, Sizerock, KY",41762,116,0,0,0,0,114,114,0,116,0,0,0,0,0,0,114,50235.29412,29286,22086,0,0,50,0,0,0,0,0,0,0
"41612, Bypro, KY",41612,100,0,0,1,1,98,98,0,100,0,0,0,0,0,0,98,41391.46341,31250,17074,0,0,40,0,0,0,0,0,0,0
"42060, Lovelaceville, KY",42060,98,0,0,2,1,94,94,1,97,0,0,0,1,0,0,94,66516.2,48333,27149,0,0,39,0,0,0,0,0,0,0
"41397, Zoe, KY",41397,97,0,0,1,1,95,95,0,97,0,0,0,0,0,0,95,45118.04762,23889,19536,0,0,41,0,0,0,0,0,0,0
"42338, Dundee, KY",42338,96,0,0,0,0,96,94,2,94,0,0,0,2,0,0,94,59447.38889,43571,22293,0,0,36,0,0,0,0,0,0,0
"40921, Bryants Store, KY",40921,89,0,0,0,0,87,87,0,89,0,0,0,0,0,0,87,38394.44444,27500,15530,0,0,36,0,0,0,0,0,0,0
"40334, Hope, KY",40334,81,0,0,1,0,79,79,1,80,0,0,0,1,0,0,79,46512.5,42500,18448,0,0,32,0,0,0,0,0,0,0
"41643, Lackey, KY",41643,80,0,0,0,0,79,79,0,80,0,0,0,0,0,0,79,43175,32500,18251,0,0,32,0,0,0,0,0,0,0
"41517, Burdine, KY",41517,79,0,0,0,0,79,78,1,78,0,0,0,1,0,0,78,41143.39394,21250,17186,0,0,33,0,0,0,0,0,0,0
"40964, Mary Alice, KY",40964,78,0,0,1,1,76,76,0,78,0,0,0,0,0,0,76,53197.48387,28333,21143,0,0,31,0,0,0,0,0,0,0
"40818, Coalgood, KY",40818,76,0,0,0,0,76,76,0,76,0,0,0,0,0,0,76,36495,25000,14406,0,0,30,0,0,0,0,0,0,0
"42022, Bandana, KY",42022,73,0,0,2,1,70,70,1,72,0,0,0,1,0,0,70,68956.89655,62500,27394,0,0,28,0,0,0,0,0,0,0
"42061, Lowes, KY",42061,70,0,0,1,1,67,66,2,68,0,0,0,1,0,1,66,82770.37037,83333,32159,0,0,27,0,0,0,0,0,0,0
"42037, Dycusburg, KY",42037,61,0,0,0,0,61,61,0,61,0,0,0,0,0,0,61,92144.65385,41000,39275,0,0,26,0,0,0,0,0,0,0
"42322, Beech Grove, KY",42322,59,0,0,0,0,58,58,1,58,0,0,0,0,0,1,58,65834.09091,62500,24548,0,0,22,0,0,0,0,0,0,0
"41062, Minerva, KY",41062,58,0,0,1,1,57,57,0,58,0,0,0,0,0,0,57,47830.95238,44000,17318,0,0,21,0,0,0,0,0,0,0
"40376, Slade, KY",40376,45,0,0,0,0,44,44,0,45,0,0,0,0,0,0,44,39336.11111,38750,15734,0,0,18,0,0,0,0,0,0,0
"40063, Saint Mary, KY",40063,43,0,0,4,5,38,37,1,42,0,0,0,0,0,1,37,57031.81818,60000,16026,0,0,11,0,0,0,0,0,0,0
"40816, Chappell, KY",40816,32,0,0,0,0,32,32,0,32,0,0,0,0,0,0,32,48635.57143,20000,21278,0,0,14,0,0,0,0,0,0,0
"40979, Roark, KY",40979,31,0,0,0,0,31,31,0,31,0,0,0,0,0,0,31,42354.16667,25000,16395,0,0,12,0,0,0,0,0,0,0
"41848, Roxana, KY",41848,29,0,0,0,0,29,29,0,29,0,0,0,0,0,0,29,71320,50000,29512,0,0,12,0,0,0,0,0,0,0
"42153, Holland, KY",42153,18,0,0,0,0,18,17,1,17,0,0,0,1,0,0,17,47364.28571,42500,18419,0,0,7,0,0,0,0,0,0,0
"41760, Scuddy, KY",41760,16,0,0,0,0,16,16,0,16,0,0,0,0,0,0,16,23916.66667,15000,8969,0,0,6,0,0,0,0,0,0,0
"42356, Maple Mount, KY",42356,14,0,0,0,0,14,14,0,14,0,0,0,0,0,0,14,58560,58333,22236,0,0,5,0,0,0,0,0,0,0
"40020, Fairfield, KY",40020,0,0,0,0,0,0,0,0,0,0,0,0,0,0,0,0,0,0,0,0,0,0,0,0,0,0,0,0,0
"40025, Glenview, KY",40025,0,0,0,0,0,0,0,0,0,0,0,0,0,0,0,0,0,0,0,0,0,0,0,0,0,0,0,0,0
"40041, Masonic Home, KY",40041,0,0,0,0,0,0,0,0,0,0,0,0,0,0,0,0,0,0,0,0,0,0,0,0,0,0,0,0,0
"40048, Nazareth, KY",40048,0,0,0,0,0,0,0,0,0,0,0,0,0,0,0,0,0,0,0,0,0,0,0,0,0,0,0,0,0
"40049, Nerinx, KY",40049,0,0,0,0,0,0,0,0,0,0,0,0,0,0,0,0,0,0,0,0,0,0,0,0,0,0,0,0,0
"40058, Port Royal, KY",40058,0,0,0,0,0,0,0,0,0,0,0,0,0,0,0,0,0,0,0,0,0,0,0,0,0,0,0,0,0
"40110, Clermont, KY",40110,0,0,0,0,0,0,0,0,0,0,0,0,0,0,0,0,0,0,0,0,0,0,0,0,0,0,0,0,0
"40231, Louisville, KY",40231,0,0,0,0,0,0,0,0,0,0,0,0,0,0,0,0,0,0,0,0,0,0,0,0,0,0,0,0,0
"40280, Louisville, KY",40280,0,0,0,0,0,0,0,0,0,0,0,0,0,0,0,0,0,0,0,0,0,0,0,0,0,0,0,0,0
"40310, Burgin, KY",40310,0,0,0,0,0,0,0,0,0,0,0,0,0,0,0,0,0,0,0,0,0,0,0,0,0,0,0,0,0
"40339, Keene, KY",40339,0,0,0,0,0,0,0,0,0,0,0,0,0,0,0,0,0,0,0,0,0,0,0,0,0,0,0,0,0
"40348, Millersburg, KY",40348,0,0,0,0,0,0,0,0,0,0,0,0,0,0,0,0,0,0,0,0,0,0,0,0,0,0,0,0,0
"40363, Perry Park, KY",40363,0,0,0,0,0,0,0,0,0,0,0,0,0,0,0,0,0,0,0,0,0,0,0,0,0,0,0,0,0
"40404, Berea, KY",40404,0,0,0,0,0,0,0,0,0,0,0,0,0,0,0,0,0,0,0,0,0,0,0,0,0,0,0,0,0
"40506, Lexington, KY",40506,0,0,0,0,0,0,0,0,0,0,0,0,0,0,0,0,0,0,0,0,0,0,0,0,0,0,0,0,0
"40604, Frankfort, KY",40604,0,0,0,0,0,0,0,0,0,0,0,0,0,0,0,0,0,0,0,0,0,0,0,0,0,0,0,0,0
"40807, Benham, KY",40807,0,0,0,0,0,0,0,0,0,0,0,0,0,0,0,0,0,0,0,0,0,0,0,0,0,0,0,0,0
"40824, Dayhoit, KY",40824,0,0,0,0,0,0,0,0,0,0,0,0,0,0,0,0,0,0,0,0,0,0,0,0,0,0,0,0,0
"40829, Grays Knob, KY",40829,0,0,0,0,0,0,0,0,0,0,0,0,0,0,0,0,0,0,0,0,0,0,0,0,0,0,0,0,0
"40844, Hoskinston, KY",40844,0,0,0,0,0,0,0,0,0,0,0,0,0,0,0,0,0,0,0,0,0,0,0,0,0,0,0,0,0
"40847, Kenvir, KY",40847,0,0,0,0,0,0,0,0,0,0,0,0,0,0,0,0,0,0,0,0,0,0,0,0,0,0,0,0,0
"41085, Silver Grove, KY",41085,0,0,0,0,0,0,0,0,0,0,0,0,0,0,0,0,0,0,0,0,0,0,0,0,0,0,0,0,0
"41099, Newport, KY",41099,0,0,0,0,0,0,0,0,0,0,0,0,0,0,0,0,0,0,0,0,0,0,0,0,0,0,0,0,0
"41538, Jonancy, KY",41538,0,0,0,0,0,0,0,0,0,0,0,0,0,0,0,0,0,0,0,0,0,0,0,0,0,0,0,0,0
"41739, Dwarf, KY",41739,0,0,0,0,0,0,0,0,0,0,0,0,0,0,0,0,0,0,0,0,0,0,0,0,0,0,0,0,0
"41810, Cromona, KY",41810,0,0,0,0,0,0,0,0,0,0,0,0,0,0,0,0,0,0,0,0,0,0,0,0,0,0,0,0,0
"42332, Cleaton, KY",42332,0,0,0,0,0,0,0,0,0,0,0,0,0,0,0,0,0,0,0,0,0,0,0,0,0,0,0,0,0
"42440, Mortons Gap, KY",42440,0,0,0,0,0,0,0,0,0,0,0,0,0,0,0,0,0,0,0,0,0,0,0,0,0,0,0,0,0
"42463, Wheatcroft, KY",42463,0,0,0,0,0,0,0,0,0,0,0,0,0,0,0,0,0,0,0,0,0,0,0,0,0,0,0,0,0
"41526, Fords Branch, KY",41526,,,,,,,,,,,,,,,,,,,,,,,,,,,,,
"42084, Tolu, KY",42084,,,,,,,,,,,,,,,,,,,,,,,,,,,,,
"42731, Dubre, KY",42731,,,,,,,,,,,,,,,,,,,,,,,,,,,,,
