Name,FIPS,"Median Household Income, 2019","# Asian Population, Alone, 2019","# Black Population, Alone, 2019","# Population, Not Hispanic, Black Alone, 2019","# Black Non-Hispanic Head of Households, 2019","# Asian Non-Hispanic Head of Households, 2019","# Population, Not Hispanic, Asian Alone, 2019","# Asian Households, 2019","# White Population, Alone, 2019","# White Households, 2019","# Population, Not Hispanic, White Alone, 2019","# Hispanic Households, 2019","# Hispanic Population, 2019","# Population, Not Hispanic, 2019","# Hispanic Head of Households, Other Race Alone, 2019","# Population, Hispanic, Black Alone, 2019","# Hispanic Head of Households, Black Alone, 2019","# Hispanic Head of Households, Asian Alone, 2019","# Population, Hispanic, American Indian and Alaska Native Alone, 2019","# Hispanic Head of Households, American Indian and Alaska Native Alone, 2019","# Population, Hispanic, Asian Alone, 2019","# Population, Hispanic, White Alone, 2019","# Hispanic Head of Households, White Alone, 2019","# Population, Hispanic, Two or More Races, 2019","# Hispanic Head of Households, Two or More Races, 2019","# Population, 2019"
"30002, Avondale Estates, GA",30002,53412,317,2868,2838,1269,95,316,95,2590,1292,2503,54,165,5838,6,30,10,0,1,0,1,87,33,19,5,6003
"30004, Alpharetta, GA",30004,125849,7149,5754,5582,2171,2254,7118,2261,45522,17270,42100,1442,5616,56741,395,170,44,7,43,5,28,3427,917,299,74,62357
"30005, Alpharetta, GA",30005,130751,8158,3723,3659,1363,2484,8141,2488,22680,8072,21106,617,2299,34051,140,61,13,4,16,5,10,1585,417,181,38,36350
"30008, Marietta, GA",30008,56750,872,14994,14557,4992,269,861,270,11515,4254,6982,2178,9889,23613,927,349,94,1,120,25,6,4633,979,624,152,33502
"30009, Alpharetta, GA",30009,92684,2662,3004,2920,1361,937,2657,938,11637,5173,10398,569,2001,16652,134,82,30,1,16,3,3,1243,358,145,43,18653
"30011, Auburn, GA",30011,79828,943,2034,1996,615,218,928,219,14507,5020,13638,375,1605,17033,116,37,7,1,19,5,15,870,216,126,30,18638
"30012, Conyers, GA",30012,62578,404,12802,12510,4419,116,381,120,11419,4520,8661,1282,5800,22503,565,228,55,4,48,12,21,2829,572,241,74,28303
"30013, Conyers, GA",30013,77292,708,17981,17689,6117,201,701,202,8002,3369,7152,483,2022,26321,177,261,72,1,13,3,6,883,206,124,24,28343
"30014, Covington, GA",30014,66994,374,14194,14029,4694,64,367,67,20939,7965,20134,456,1889,35251,199,159,39,3,20,6,7,811,188,127,21,37140
"30016, Covington, GA",30016,68928,473,30893,30511,10136,128,456,133,22204,8245,20825,724,3044,53108,224,381,104,5,15,6,17,1380,336,271,49,56152
"30017, Grayson, GA",30017,108701,1354,7949,7809,2403,348,1347,350,13278,4886,12443,400,1627,22361,109,140,38,2,32,6,7,835,218,177,27,23988
"30019, Dacula, GA",30019,101668,2202,10564,10279,2995,592,2187,593,32362,10769,29503,1168,5040,43278,315,285,63,1,60,14,15,2859,708,402,67,48318
"30021, Clarkston, GA",30021,42734,4563,14494,14298,5528,1065,4541,1071,4081,1952,3803,250,889,23704,76,194,65,6,15,3,22,280,85,81,15,24593
"30022, Alpharetta, GA",30022,131885,11974,8119,7945,3081,3634,11936,3641,47154,18590,43937,1361,4786,66169,290,166,50,7,32,7,27,3238,923,345,84,70955
"30024, Suwanee, GA",30024,135204,16577,8100,7865,2614,4595,16496,4608,50826,17268,46877,1463,5930,73361,309,230,54,13,44,10,70,3966,1019,379,58,79291
"30025, Social Circle, GA",30025,71746,77,2307,2290,777,17,76,17,7337,2732,7166,60,297,9713,14,11,1,0,5,1,1,177,40,25,4,10010
"30028, Cumming, GA",30028,95995,391,495,476,134,105,387,105,28132,9695,27121,472,2074,28555,187,16,2,0,25,5,2,1019,262,110,16,30629
"30030, Decatur, GA",30030,87745,1539,5640,5571,2541,606,1527,610,19580,9654,19027,275,809,27107,25,62,21,4,9,3,10,563,201,84,21,27916
"30032, Decatur, GA",30032,49750,371,44750,44346,16085,125,368,127,4771,2300,4441,332,1165,50258,82,403,94,2,9,2,3,331,110,128,42,51423
"30033, Decatur, GA",30033,81329,5395,3897,3810,1695,1895,5377,1902,21544,10812,20615,460,1433,31048,72,83,32,7,16,3,12,940,308,122,38,32481
"30034, Decatur, GA",30034,71368,142,41881,41563,15719,47,140,48,868,408,790,176,568,43220,24,318,93,1,6,3,2,78,27,85,28,43788
"30035, Decatur, GA",30035,61798,308,21382,21178,8043,79,300,81,850,422,746,144,482,22718,36,202,56,2,3,1,8,106,33,48,16,23200
"30038, Lithonia, GA",30038,68853,129,38787,38369,15057,51,127,51,1258,648,1181,215,781,40583,38,417,119,0,13,4,2,78,26,134,28,41364
"30039, Snellville, GA",30039,86388,1491,30710,30066,9554,452,1473,454,13936,5344,12114,1036,4528,45188,324,635,178,2,41,7,18,1831,431,529,94,49716
"30040, Cumming, GA",30040,106674,4040,2593,2484,803,1176,4016,1180,61709,22238,56878,2205,10070,65191,920,108,38,4,124,17,23,4833,1132,503,94,75261
"30041, Cumming, GA",30041,120546,5799,1337,1281,422,1606,5758,1613,61468,21965,57565,1358,6130,66142,365,52,10,7,86,13,24,3929,923,246,40,72272
"30043, Lawrenceville, GA",30043,94114,11301,20936,20235,6524,3159,11226,3171,47235,17045,39313,3380,14101,73617,948,693,174,12,192,38,70,7936,2029,1048,179,87718
"30044, Lawrenceville, GA",30044,72799,12719,28350,27241,9584,3499,12567,3520,36930,13119,23469,6546,27636,65986,2469,1064,298,21,456,89,131,13531,3326,1687,343,93622
"30045, Lawrenceville, GA",30045,94252,2313,17025,16643,4981,582,2283,585,16548,5632,13197,1418,6227,33318,413,376,87,3,117,23,29,3358,812,438,80,39545
"30046, Lawrenceville, GA",30046,63717,3150,14133,13644,4685,841,3110,849,17414,6802,12418,2502,10651,30386,955,479,122,8,204,37,38,5009,1230,703,150,41037
"30047, Lilburn, GA",30047,90113,9883,13306,12843,4180,2628,9815,2636,35343,13430,28931,2804,12582,53547,1005,454,109,8,256,47,61,6429,1463,792,172,66129
"30052, Loganville, GA",30052,87314,1346,16662,16312,5069,359,1326,365,44868,16102,42450,1077,4663,61996,318,346,75,6,34,6,20,2422,598,444,74,66659
"30054, Oxford, GA",30054,85242,272,3253,3215,992,27,266,28,9510,3477,9296,88,413,13013,24,33,5,1,10,1,6,219,50,32,7,13426
"30055, Mansfield, GA",30055,74447,13,292,290,102,3,13,3,2795,1014,2759,19,76,3138,6,1,0,0,6,1,0,37,11,7,1,3214
"30056, Newborn, GA",30056,65537,13,381,378,126,2,13,2,2150,775,2110,27,142,2563,12,1,0,0,4,1,0,42,10,13,4,2705
"30058, Lithonia, GA",30058,65216,286,53368,52762,19496,85,284,85,2289,1047,1887,468,1643,56177,132,599,167,0,12,6,2,409,111,173,52,57820
"30060, Marietta, GA",30060,49222,1178,11364,10899,4216,378,1142,382,15838,6203,9231,3037,13717,22887,1270,346,92,4,151,34,23,6757,1461,758,176,36604
"30062, Marietta, GA",30062,114093,6231,8051,7861,3010,1815,6197,1820,48671,18891,45272,1436,5610,61665,389,178,49,5,42,11,25,3423,908,341,74,67275
"30064, Marietta, GA",30064,98741,1528,12556,12321,4341,406,1514,408,33799,13674,31104,1179,4967,46509,360,210,49,2,73,14,11,2726,700,283,54,51476
"30066, Marietta, GA",30066,101630,4158,8312,8108,3078,1204,4120,1207,43814,17178,40673,1304,4959,55136,282,198,52,3,71,18,35,3151,884,317,65,60095
"30067, Marietta, GA",30067,69116,3246,15326,14814,6905,1148,3201,1160,24196,10956,20888,2057,6869,41253,723,488,163,12,71,14,40,3340,1010,449,135,48122
"30068, Marietta, GA",30068,131519,3059,2794,2704,1055,907,3041,908,27773,11223,26633,472,1716,33462,85,82,21,1,1,1,8,1161,334,131,30,35178
"30070, Porterdale, GA",30070,117021,4,154,153,55,1,4,1,766,268,753,5,26,931,2,1,0,0,0,0,0,13,3,1,0,957
"30071, Norcross, GA",30071,50962,3417,5196,4906,1851,1015,3347,1020,8252,2885,3304,2778,12410,12272,1348,267,70,5,252,49,55,4989,1108,812,198,24682
"30072, Pine Lake, GA",30072,50893,18,1125,1102,485,6,18,6,184,107,170,25,69,1325,10,23,8,0,1,0,0,14,5,6,2,1394
"30075, Roswell, GA",30075,132367,2862,5166,5033,1885,870,2842,871,48156,18906,45336,1156,4562,55020,334,116,32,1,32,8,10,2853,731,243,50,59582
"30076, Roswell, GA",30076,89787,2464,7198,6915,2753,835,2428,840,32242,13268,24953,2920,11974,36245,908,254,71,5,139,28,26,7335,1750,615,158,48219
"30078, Snellville, GA",30078,87737,2518,11562,11286,3565,678,2506,681,20463,7791,18798,851,3680,33822,284,275,83,3,22,5,12,1666,404,401,72,37502
"30079, Scottdale, GA",30079,50124,437,1683,1654,634,136,435,136,1127,612,1011,56,210,3252,11,29,9,0,1,0,2,116,32,11,4,3462
"30080, Smyrna, GA",30080,73162,2857,16685,16230,8272,1201,2828,1210,23463,11944,19436,2296,8274,40400,851,423,149,9,73,21,24,4067,1131,480,135,48674
"30082, Smyrna, GA",30082,91914,1451,9095,8879,3669,480,1436,481,15205,6978,13136,1058,4180,24586,379,197,57,1,43,9,12,2093,536,285,76,28766
"30083, Stone Mountain, GA",30083,59538,3373,41802,41293,15877,854,3353,860,5978,3009,5271,655,2486,51562,239,505,139,6,29,6,20,711,200,226,65,54048
"30084, Tucker, GA",30084,76529,4176,8708,8443,3402,1294,4139,1304,18357,8307,15211,1640,6722,28963,624,253,65,10,150,34,32,3164,801,477,106,35685
"30087, Stone Mountain, GA",30087,95861,1904,24353,24024,8305,551,1888,555,11352,5160,10583,533,2205,37669,191,323,85,4,58,11,16,775,205,210,37,39874
"30088, Stone Mountain, GA",30088,73457,333,25609,25341,9360,96,331,96,1327,657,1164,194,711,27461,41,262,72,0,11,4,2,169,58,94,19,28172
"30092, Norcross, GA",30092,82349,3417,9155,8808,3879,1179,3371,1186,19283,7436,15930,1751,6625,29046,570,309,84,7,239,52,32,3408,922,431,116,35671
"30093, Norcross, GA",30093,46542,6507,17722,16501,6912,1857,6263,1885,19226,6028,3890,8297,35266,28224,3698,1043,289,28,757,164,177,15598,3638,2127,480,63490
"30094, Conyers, GA",30094,84484,665,16359,16144,5547,190,663,190,14666,5847,13951,371,1488,31601,105,215,48,0,26,7,2,715,176,127,35,33089
"30096, Duluth, GA",30096,69349,14208,18541,17768,7688,4978,14102,4992,28127,12033,20004,4503,17200,53965,1748,756,227,14,302,62,92,8156,2207,1149,245,71165
"30097, Duluth, GA",30097,120239,19784,6548,6361,2355,5935,19750,5940,25279,9685,23384,818,2909,50947,156,186,56,5,19,4,29,1901,544,228,53,53856
"30101, Acworth, GA",30101,101571,2045,10774,10523,3511,559,2015,568,44420,15856,41711,1173,4741,56192,321,252,60,9,39,11,30,2708,704,308,68,60933
"30102, Acworth, GA",30102,86357,1298,5162,4965,1651,350,1278,357,34005,12476,30899,1266,5580,38469,438,195,34,7,43,6,20,3108,719,289,62,44049
"30103, Adairsville, GA",30103,60503,106,1079,1063,383,28,104,29,12709,4616,12342,160,697,13730,62,16,5,1,11,1,2,367,85,38,6,14427
"30104, Aragon, GA",30104,60095,19,513,513,185,5,19,5,4609,1667,4552,28,127,5184,12,0,0,0,3,0,0,57,14,5,2,5311
"30105, Armuchee, GA",30105,76618,10,70,71,29,3,10,3,2309,903,2292,11,50,2411,6,0,0,0,0,0,0,15,5,2,0,2461
"30106, Austell, GA",30106,71099,515,11973,11762,4425,165,507,167,7544,3197,6476,615,2622,19476,250,207,58,2,19,4,8,1072,264,189,37,22098
"30107, Ball Ground, GA",30107,88110,88,240,236,67,16,81,17,13899,5075,13590,107,469,14156,23,1,0,1,9,1,6,316,77,28,5,14625
"30108, Bowdon, GA",30108,49841,38,1080,1074,431,8,33,9,6107,2402,6016,51,227,7343,26,2,1,1,1,0,5,95,22,15,1,7570
"30110, Bremen, GA",30110,58414,99,932,911,337,29,98,29,12477,4659,12361,43,203,13653,16,9,2,0,2,1,0,132,22,9,2,13856
"30113, Buchanan, GA",30113,46505,27,201,201,59,7,23,8,5436,2023,5407,26,110,5763,14,0,0,1,0,0,4,29,8,9,3,5873
"30114, Canton, GA",30114,80828,936,3979,3868,1306,258,871,269,45343,16713,41256,1572,7206,47654,519,106,27,11,191,27,64,4094,914,316,74,54860
"30115, Canton, GA",30115,99081,629,2105,2023,614,160,607,164,39835,14113,37781,769,3403,41498,225,80,14,4,57,9,22,2057,480,199,37,44901
"30116, Carrollton, GA",30116,70665,237,4923,4874,1600,61,231,63,18491,6757,17728,376,1627,23617,170,45,11,2,23,5,6,767,161,107,27,25244
"30117, Carrollton, GA",30117,52539,410,9238,9097,2879,119,395,122,23724,8938,22099,855,3631,32839,371,134,35,3,46,9,15,1633,371,251,66,36470
"30118, Carrollton, GA",30118,0,0,0,0,0,0,0,0,0,0,0,0,0,0,0,0,0,0,0,0,0,0,0,0,0,0
"30120, Cartersville, GA",30120,63911,306,6430,6305,2181,93,296,103,30766,11593,28827,991,4281,36276,440,119,41,10,82,25,10,1946,397,294,78,40557
"30121, Cartersville, GA",30121,64924,348,3418,3361,1185,105,340,113,17583,6718,16600,555,2312,20810,253,56,21,8,30,12,8,984,214,195,47,23122
"30122, Lithia Springs, GA",30122,63524,451,13884,13614,5541,133,426,139,9477,3832,8116,864,3599,22621,391,269,74,6,19,2,25,1362,328,282,63,26220
"30124, Cave Spring, GA",30124,54146,21,223,213,77,2,21,2,2597,1024,2566,15,66,2849,4,9,4,0,0,0,0,32,6,3,1,2915
"30125, Cedartown, GA",30125,48245,230,3131,3095,1139,51,210,55,16571,6384,15377,996,4846,19395,680,36,3,4,41,6,20,1194,261,163,42,24241
"30126, Mableton, GA",30126,93950,1459,16245,15919,6061,484,1430,490,16530,6697,13657,1450,6377,32436,566,310,82,6,121,23,28,2891,693,350,80,38813
"30127, Powder Springs, GA",30127,96355,1197,27492,27011,8496,313,1181,320,34320,12625,32053,1121,4914,62266,393,479,120,7,51,13,16,2269,537,400,51,67180
"30132, Dallas, GA",30132,86990,467,7020,6887,2188,117,459,118,31275,11175,30030,506,2197,38555,131,132,25,1,34,6,8,1246,306,199,37,40752
"30134, Douglasville, GA",30134,70615,450,19919,19532,6543,116,419,121,22842,8253,21223,1032,4533,42394,482,386,74,5,36,6,31,1620,392,356,73,46927
"30135, Douglasville, GA",30135,88055,1346,28184,27560,8929,398,1327,401,34096,12736,32175,1152,4927,62557,428,623,128,3,44,9,19,1922,511,444,73,67484
"30137, Emerson, GA",30137,88194,15,130,128,49,4,15,4,1637,605,1537,35,161,1709,11,0,0,0,2,0,0,102,21,10,3,1870
"30139, Fairmount, GA",30139,51849,20,55,53,21,5,20,5,4591,1750,4540,23,99,4663,8,0,0,0,1,0,0,54,15,3,0,4762
"30141, Hiram, GA",30141,75838,285,6184,6090,2094,83,281,85,18294,6620,17520,338,1423,24698,100,95,18,2,10,3,4,773,193,121,22,26121
"30143, Jasper, GA",30143,71842,135,269,252,89,31,133,32,20983,8423,20663,150,740,21402,63,15,3,1,11,2,1,325,78,30,3,22142
"30144, Kennesaw, GA",30144,83745,3669,13056,12758,4363,1112,3642,1120,36567,14377,33134,1581,6026,51992,458,296,75,8,52,13,27,3435,920,476,107,58018
"30145, Kingston, GA",30145,82058,52,654,649,203,10,51,10,7605,2587,7416,74,338,8268,30,7,3,0,4,1,1,187,34,24,6,8606
"30147, Lindale, GA",30147,58779,53,206,206,83,11,42,13,4373,1709,4306,39,189,4643,20,3,1,2,0,0,12,62,14,12,2,4832
"30148, Marble Hill, GA",30148,93359,5,2,2,0,1,4,1,1128,459,1116,5,21,1141,2,0,0,0,1,0,0,15,3,0,0,1162
"30149, Mount Berry, GA",30149,0,0,0,0,0,0,0,0,0,0,0,0,0,0,0,0,0,0,0,0,0,0,0,0,0,0
"30152, Kennesaw, GA",30152,102722,2268,7833,7654,2765,630,2237,636,31240,11600,29120,1071,4239,40495,402,175,41,6,42,8,30,2125,571,208,43,44734
"30153, Rockmart, GA",30153,60008,129,3067,3037,1077,36,120,39,14047,5335,13803,143,657,17378,66,28,2,3,3,1,9,246,59,57,12,18035
"30157, Dallas, GA",30157,81394,505,8854,8669,2842,120,489,123,38139,13653,36624,633,2719,47247,175,186,35,3,24,5,16,1514,381,245,34,49966
"30161, Rome, GA",30161,53167,317,8621,8545,3154,91,267,102,23302,9399,22542,549,2365,32002,306,65,8,11,48,11,50,772,182,126,31,34367
"30164, Rome, GA",30164,51136,15,86,85,30,3,15,3,393,158,349,55,265,482,44,1,0,0,1,0,0,44,9,11,2,747
"30165, Rome, GA",30165,53475,1033,5186,5081,1896,268,1003,275,28303,11026,26383,1517,6922,33621,952,106,19,7,137,23,30,1919,436,354,80,40543
"30168, Austell, GA",30168,52398,237,17607,17254,6776,70,215,75,5372,1991,2976,1506,6439,21130,744,299,86,5,95,17,21,2452,568,393,86,27569
"30170, Roopville, GA",30170,68698,13,182,180,61,1,12,1,3019,1117,2983,9,58,3233,2,0,0,0,0,0,1,38,6,7,1,3291
"30171, Rydal, GA",30171,74091,8,87,86,29,3,7,3,3310,1192,3228,42,179,3384,20,1,1,0,1,1,1,82,17,9,3,3563
"30173, Silver Creek, GA",30173,68886,64,353,349,144,19,63,20,5975,2252,5858,54,250,6361,26,2,0,1,1,0,1,119,25,10,2,6611
"30175, Talking Rock, GA",30175,63602,11,39,36,9,3,9,3,6205,2379,6065,64,272,6250,25,3,0,0,6,1,2,140,37,9,1,6522
"30176, Tallapoosa, GA",30176,50413,58,239,234,87,17,55,17,6356,2501,6320,15,63,6745,5,2,0,0,1,1,2,42,9,4,0,6808
"30177, Tate, GA",30177,60811,2,16,18,4,0,2,0,669,263,659,3,12,690,0,0,0,0,0,0,0,7,3,2,0,702
"30178, Taylorsville, GA",30178,87366,24,166,165,49,6,24,6,3942,1372,3841,41,209,4109,21,0,0,0,10,1,0,102,19,11,0,4318
"30179, Temple, GA",30179,68062,132,2589,2552,850,28,127,30,15695,5621,15388,138,602,18574,44,34,8,2,5,1,5,310,77,48,6,19176
"30180, Villa Rica, GA",30180,81870,500,8883,8753,2934,138,493,139,26290,9811,25141,571,2315,35588,199,130,44,1,32,7,7,1149,281,170,39,37903
"30182, Waco, GA",30182,51389,40,191,187,72,12,40,12,2527,943,2497,13,60,2802,8,2,0,0,1,0,0,32,5,1,0,2862
"30183, Waleska, GA",30183,87043,25,87,84,10,6,23,6,6035,2225,5907,42,187,6136,7,1,1,0,1,0,1,134,32,14,2,6323
"30184, White, GA",30184,85902,48,313,309,96,11,47,12,7034,2548,6843,79,333,7344,24,4,1,1,2,1,1,191,45,27,7,7677
"30185, Whitesburg, GA",30185,78287,19,395,390,138,4,19,4,4142,1510,4094,21,99,4596,7,2,1,0,2,1,0,52,12,9,0,4695
"30187, Winston, GA",30187,85565,124,2031,1993,662,33,122,33,7300,2640,7039,125,555,9344,40,38,6,0,3,1,2,261,67,53,11,9899
"30188, Woodstock, GA",30188,95255,1770,4326,4124,1561,527,1743,530,51894,20240,47967,1534,6143,55776,400,200,40,3,57,12,27,3929,991,354,88,61919
"30189, Woodstock, GA",30189,103104,856,3244,3100,1062,238,849,239,35794,12957,33596,956,3772,38837,286,139,34,1,39,9,6,2206,570,231,56,42609
"30204, Barnesville, GA",30204,52575,62,5246,5216,1805,14,58,14,8274,3421,8148,61,288,13784,22,22,3,0,12,3,4,134,31,21,2,14072
"30205, Brooks, GA",30205,91957,24,128,124,46,8,23,9,3508,1269,3430,29,121,3639,4,2,1,1,0,0,1,80,22,6,1,3760
"30206, Concord, GA",30206,71714,7,413,405,153,1,6,1,2458,857,2441,13,58,2916,5,7,2,0,0,0,1,18,6,2,0,2974
"30213, Fairburn, GA",30213,80060,487,27267,26956,9824,149,472,153,5824,2552,4797,568,2397,33138,194,299,71,4,28,9,15,1039,242,212,48,35535
"30214, Fayetteville, GA",30214,93535,1124,11335,11198,3799,289,1113,292,13327,5717,12272,554,2363,25563,204,132,34,3,25,4,11,1060,272,144,37,27926
"30215, Fayetteville, GA",30215,110502,1396,9334,9197,3102,357,1388,361,23084,8575,22006,434,1838,33605,87,135,35,4,40,8,8,1080,263,158,37,35443
"30216, Flovilla, GA",30216,82743,6,633,629,204,1,6,1,1276,484,1262,9,31,1952,2,2,1,0,0,0,0,16,6,1,0,1983
"30217, Franklin, GA",30217,53769,54,1235,1225,480,9,53,9,7351,2826,7251,44,213,8755,16,7,3,0,2,0,1,104,23,24,2,8968
"30218, Gay, GA",30218,65720,3,525,526,167,1,3,1,1079,427,1054,11,47,1600,5,0,0,0,1,0,0,24,6,1,0,1647
"30220, Grantville, GA",30220,66628,53,1288,1280,461,13,51,14,3968,1441,3848,51,204,5317,15,5,1,1,2,1,2,123,31,18,2,5521
"30222, Greenville, GA",30222,57353,32,1648,1639,627,6,32,6,1682,690,1665,15,51,3416,5,6,4,0,1,0,0,20,5,7,1,3467
"30223, Griffin, GA",30223,49711,460,14963,14892,5163,121,452,123,19460,7690,18628,405,1612,34776,122,59,21,2,40,8,8,844,218,136,34,36388
"30224, Griffin, GA",30224,66518,341,7444,7379,2481,88,338,88,17808,7157,17411,176,942,25640,50,51,8,0,10,2,2,413,95,81,21,26582
"30228, Hampton, GA",30228,79081,991,23481,23096,7367,238,986,239,15332,5724,13809,778,3425,39251,258,383,100,1,62,6,5,1525,362,257,51,42676
"30230, Hogansville, GA",30230,51974,87,2433,2424,886,24,86,25,6696,2553,6538,56,273,9293,19,2,0,1,5,1,1,165,32,16,3,9566
"30233, Jackson, GA",30233,68680,165,6510,6452,1713,39,155,40,18202,6452,17739,184,823,24861,48,39,8,1,8,1,10,483,114,75,12,25684
"30234, Jenkinsburg, GA",30234,70977,2,678,674,231,1,2,1,1129,426,1109,10,36,1815,2,3,1,0,0,0,0,21,6,7,1,1851
"30236, Jonesboro, GA",30236,63079,2527,29415,28961,10447,709,2483,718,12428,5207,10009,1548,6349,42974,689,415,141,9,53,10,41,2462,584,483,115,49323
"30238, Jonesboro, GA",30238,63095,939,29461,29035,9680,253,923,257,6199,2370,4434,1004,4510,35595,411,385,131,4,46,13,15,1808,380,363,65,40105
"30240, Lagrange, GA",30240,63155,588,9548,9514,3438,173,558,181,19887,7871,19454,269,1128,30203,126,31,8,8,23,4,30,436,105,86,18,31331
"30241, Lagrange, GA",30241,49612,669,11290,11246,3884,212,663,214,12008,4588,11625,246,1012,24049,132,39,7,2,7,3,6,388,88,82,14,25061
"30248, Locust Grove, GA",30248,91248,459,7506,7392,2349,113,453,116,16857,5805,16215,304,1270,24829,87,112,27,3,6,1,6,644,156,126,30,26099
"30250, Lovejoy, GA",30250,56746,5,445,434,113,1,5,1,228,59,150,19,185,621,7,10,2,0,5,0,0,79,8,9,2,806
"30251, Luthersville, GA",30251,54315,7,931,926,326,0,7,0,1546,615,1519,19,87,2537,10,6,1,0,2,0,0,26,7,12,1,2624
"30252, Mcdonough, GA",30252,100541,861,12983,12828,4084,212,848,214,32941,11474,31955,388,1682,46904,82,151,35,2,9,2,13,990,244,136,23,48586
"30253, Mcdonough, GA",30253,81350,2543,27713,27181,9162,678,2519,682,22632,8906,20772,1067,4039,52397,318,529,139,4,14,6,24,1863,520,297,80,56436
"30256, Meansville, GA",30256,69974,10,251,241,86,1,10,1,2757,1027,2751,10,28,3053,3,2,0,0,0,0,0,15,6,4,1,3081
"30257, Milner, GA",30257,75903,32,534,525,191,10,32,10,3838,1548,3788,15,98,4432,5,4,1,0,1,0,0,56,8,5,1,4530
"30258, Molena, GA",30258,71221,10,264,262,102,1,10,1,2215,783,2193,10,34,2514,4,2,0,0,0,0,0,22,6,0,0,2548
"30259, Moreland, GA",30259,66693,30,413,412,146,5,30,5,3814,1397,3734,33,134,4277,10,1,0,0,1,0,0,80,20,11,3,4411
"30260, Morrow, GA",30260,54978,4182,15981,15745,5956,1046,4165,1048,5621,2464,4258,810,3562,25184,367,230,85,2,28,3,16,1370,290,284,63,28746
"30263, Newnan, GA",30263,68305,578,15229,15025,5341,153,544,166,37790,14658,35749,1089,4651,52632,467,193,43,13,61,14,34,2053,503,250,49,57283
"30265, Newnan, GA",30265,97864,1524,5849,5701,2083,436,1511,438,28258,10783,26685,740,2693,34908,208,144,32,2,19,7,12,1578,452,215,39,37601
"30268, Palmetto, GA",30268,75377,138,4442,4391,1520,37,133,38,5397,2231,4800,266,1169,9626,114,51,7,1,3,1,5,597,127,70,16,10795
"30269, Peachtree City, GA",30269,117492,2331,3416,3351,1210,722,2299,729,30072,11956,28170,811,3012,35147,164,63,22,7,29,4,31,1906,568,180,46,38159
"30273, Rex, GA",30273,71627,586,12567,12440,4448,162,581,164,2844,1150,2135,406,1830,15604,178,125,30,2,28,6,5,711,165,141,25,17434
"30274, Riverdale, GA",30274,54262,1911,27295,26933,9796,514,1886,519,3703,1488,2504,856,3417,32214,365,323,129,5,55,10,22,1242,284,279,63,35631
"30275, Sargent, GA",30275,82813,2,33,33,11,0,2,0,197,73,188,3,14,227,1,1,0,0,0,0,0,8,2,1,0,241
"30276, Senoia, GA",30276,81318,165,2174,2165,723,50,163,50,13556,4936,13123,153,645,15838,30,5,1,0,11,4,2,437,107,53,11,16483
"30277, Sharpsburg, GA",30277,100820,441,1770,1748,606,103,432,104,19021,6755,18276,266,1089,20884,57,19,7,1,3,0,8,749,186,69,15,21973
"30281, Stockbridge, GA",30281,77154,3605,35826,35217,13008,960,3541,972,30279,12137,27530,1589,6179,68908,513,598,177,12,47,16,63,2762,738,529,133,75087
"30284, Sunny Side, GA",30284,82143,13,44,42,14,3,13,3,674,243,666,6,18,738,2,1,0,0,0,0,0,9,3,3,1,756
"30285, The Rock, GA",30285,64286,3,87,86,33,0,3,0,735,279,732,4,15,838,1,0,0,0,1,0,0,4,2,2,1,853
"30286, Thomaston, GA",30286,46727,167,7269,7225,2838,49,158,51,14558,6110,14381,149,531,22153,69,43,9,2,11,1,9,178,55,45,13,22684
"30288, Conley, GA",30288,62542,173,7730,7675,2759,44,172,45,860,326,552,218,1010,8601,131,48,12,1,17,2,1,315,63,52,9,9611
"30289, Turin, GA",30289,83036,1,36,35,12,0,1,0,219,86,215,2,8,255,0,0,0,0,0,0,0,5,2,1,0,263
"30290, Tyrone, GA",30290,116596,389,2407,2377,736,108,386,109,5653,2195,5344,132,570,8441,41,26,3,1,5,1,2,314,80,33,6,9011
"30291, Union City, GA",30291,56012,268,20393,20180,7752,74,239,80,2229,1062,1485,428,1800,22525,160,189,48,6,17,4,29,769,170,164,40,24325
"30292, Williamson, GA",30292,78438,27,695,686,233,7,27,7,4916,1772,4878,20,79,5721,4,3,1,0,2,0,0,45,14,6,1,5800
"30293, Woodbury, GA",30293,45755,12,1549,1544,589,4,12,4,1768,810,1743,12,55,3341,6,2,1,0,1,0,0,28,5,5,0,3396
"30294, Ellenwood, GA",30294,80099,840,35452,35194,12208,217,836,217,3806,1529,3092,585,2490,39922,309,248,71,0,46,8,4,724,167,170,30,42412
"30295, Zebulon, GA",30295,73438,30,683,676,225,9,30,9,4019,1454,3994,14,53,4789,4,1,0,0,1,0,0,31,8,6,2,4842
"30296, Riverdale, GA",30296,72782,786,23115,22857,8476,202,764,205,2467,1062,1599,678,2950,25910,337,241,78,3,53,8,21,886,206,215,46,28860
"30297, Forest Park, GA",30297,40182,2292,12025,11678,4364,595,2233,600,8209,2916,3681,2302,10360,18643,1088,279,92,5,130,20,46,4615,984,535,113,29003
"30303, Atlanta, GA",30303,69048,78,1051,1035,301,18,77,18,484,230,426,23,102,1593,4,14,5,0,0,0,1,60,12,11,2,1695
"30305, Atlanta, GA",30305,105818,911,2255,2195,1357,433,901,436,19843,10867,19115,546,1418,22834,154,50,24,3,14,5,6,744,332,81,28,24252
"30306, Atlanta, GA",30306,112960,934,1674,1612,747,471,923,475,20495,10916,19812,401,1096,23023,74,51,17,4,19,7,5,705,267,74,32,24119
"30307, Atlanta, GA",30307,105865,922,3151,3098,1428,366,914,367,15014,7475,14619,274,633,19305,42,33,11,1,6,4,3,423,185,77,31,19938
"30308, Atlanta, GA",30308,69390,1327,7801,7671,3817,758,1322,760,9737,6326,9241,440,877,18971,68,121,53,2,4,2,4,507,280,70,35,19848
"30309, Atlanta, GA",30309,90787,1836,4699,4578,2843,1101,1824,1104,16023,10063,15375,537,1081,22558,99,109,55,3,11,2,8,665,330,93,48,23639
"30310, Atlanta, GA",30310,34730,229,28898,28688,11021,65,220,70,1443,772,1353,179,548,30915,46,203,67,5,17,3,9,97,32,82,26,31463
"30311, Atlanta, GA",30311,40908,74,34671,34395,14264,24,68,28,897,382,566,306,1129,35564,90,265,89,4,13,1,6,342,86,136,36,36693
"30312, Atlanta, GA",30312,56809,495,12738,12525,5994,231,490,233,7431,4224,7045,389,1026,20730,86,209,69,2,19,6,5,390,175,121,51,21756
"30313, Atlanta, GA",30313,45025,849,5185,5119,1963,104,844,104,2550,644,2362,78,358,8581,17,63,22,0,1,0,5,191,31,31,8,8939
"30314, Atlanta, GA",30314,33620,53,20612,20373,6587,17,51,18,402,164,341,98,409,21156,16,238,53,1,3,2,2,62,17,48,9,21565
"30315, Atlanta, GA",30315,32846,346,32045,31494,11419,117,333,124,4572,1623,3559,625,2927,36162,295,538,95,7,26,2,13,1026,180,163,46,39089
"30316, Atlanta, GA",30316,63444,438,21528,21356,8404,180,431,186,10582,5336,10043,402,1231,32726,92,155,60,6,17,7,7,557,195,134,42,33957
"30317, Atlanta, GA",30317,64828,190,7955,7891,3353,75,188,75,4613,2354,4473,102,283,12907,15,48,16,0,2,1,2,157,58,34,12,13190
"30318, Atlanta, GA",30318,50248,3783,34829,34470,13510,816,3765,820,18099,7362,16758,909,3305,56560,322,344,133,4,22,6,16,1359,376,260,68,59865
"30319, Atlanta, GA",30319,112040,2804,4193,4031,2093,1271,2774,1277,30848,15228,28137,1555,5894,36291,456,153,46,6,145,35,24,2729,803,847,209,42185
"30322, Atlanta, GA",30322,0,0,0,0,0,0,0,0,0,0,0,0,0,0,0,0,0,0,0,0,0,0,0,0,0,0
"30324, Atlanta, GA",30324,77925,2535,5976,5718,3675,1335,2519,1345,16292,9589,14087,1444,4932,23358,483,248,105,10,96,19,12,2220,733,323,94,28290
"30326, Atlanta, GA",30326,128846,547,766,728,469,313,545,313,5631,3300,5390,171,355,6865,30,36,12,0,0,0,1,244,121,16,8,7220
"30327, Atlanta, GA",30327,159281,1139,1615,1555,731,424,1120,424,21287,9114,20608,330,1221,23764,81,40,5,0,3,1,4,720,216,107,27,24985
"30328, Atlanta, GA",30328,96620,3099,5569,5386,2702,1299,3067,1307,23743,11786,22096,923,3015,31604,249,170,71,8,19,7,24,1671,522,189,66,34619
"30329, Atlanta, GA",30329,60699,2947,4538,4231,2196,1192,2903,1200,15968,7164,11521,2552,10950,19961,1094,290,77,8,232,58,32,4481,1100,872,215,30911
"30331, Atlanta, GA",30331,62762,243,56022,55607,22722,83,234,86,1149,484,772,396,1608,57632,134,410,124,3,19,8,9,382,89,181,38,59240
"30332, Atlanta, GA",30332,75000,0,5,5,1,0,0,0,1,1,1,0,0,6,0,0,0,0,0,0,0,0,0,0,0,6
"30334, Atlanta, GA",30334,0,0,0,0,0,0,0,0,0,0,0,0,0,0,0,0,0,0,0,0,0,0,0,0,0,0
"30336, Atlanta, GA",30336,103846,3,681,673,269,1,3,1,10,3,8,4,15,697,0,7,3,0,0,0,0,3,1,3,0,712
"30337, Atlanta, GA",30337,47894,149,10581,10454,4321,38,141,40,1723,852,1526,206,793,12480,97,121,36,2,10,3,8,203,49,49,19,13273
"30338, Atlanta, GA",30338,106230,4096,4164,4046,2334,1580,4069,1583,24330,10671,23158,608,1859,32214,117,100,36,3,28,7,9,1212,406,125,39,34073
"30339, Atlanta, GA",30339,86451,2488,8075,7941,4482,1154,2483,1158,13372,7642,12599,628,1448,23895,150,130,68,4,12,3,4,778,350,135,53,25343
"30340, Atlanta, GA",30340,51916,4275,6251,5850,2708,1378,4199,1395,13154,5152,6702,3161,13137,18159,1146,379,107,17,327,64,61,6494,1614,893,213,31296
"30341, Atlanta, GA",30341,69131,3470,5618,5310,2770,1323,3369,1344,16366,7214,11643,2616,11195,21664,1090,298,90,21,355,68,95,4741,1130,828,217,32859
"30342, Atlanta, GA",30342,94312,1517,4556,4269,2249,633,1498,635,23244,10308,19458,1873,7613,26423,711,265,71,2,91,21,11,3822,948,425,120,34036
"30344, Atlanta, GA",30344,53655,446,28681,28319,11558,152,435,154,5677,2549,3912,934,4255,33581,395,289,80,2,58,10,10,1841,379,240,68,37836
"30345, Atlanta, GA",30345,85625,2042,4383,4158,2236,784,2015,787,14830,6535,12206,1447,5694,19336,555,208,62,3,83,20,19,2652,686,445,121,25030
"30346, Atlanta, GA",30346,82190,1407,1158,1129,717,628,1404,629,3457,1972,3200,165,359,5962,19,29,10,1,0,0,2,258,128,19,7,6321
"30349, Atlanta, GA",30349,64593,986,71371,70669,27016,277,967,283,2780,1276,2252,670,2347,75573,208,669,232,6,45,7,19,562,147,287,70,77920
"30350, Atlanta, GA",30350,70391,1936,12702,12348,6343,776,1915,779,20139,9655,18243,1303,3981,34434,427,336,137,3,53,17,18,1920,630,331,89,38415
"30354, Atlanta, GA",30354,40044,547,11385,11261,4345,156,545,156,3073,1360,1896,620,2757,14135,281,107,31,0,51,15,1,1195,254,164,39,16892
"30360, Atlanta, GA",30360,70944,1365,2330,2209,1038,393,1309,404,8589,3281,5632,1389,5676,9873,504,95,26,11,87,17,41,3006,727,374,104,15549
"30363, Atlanta, GA",30363,75086,439,754,733,453,211,436,212,1252,741,1180,72,145,2476,17,22,11,1,1,0,3,71,33,19,10,2621
"30401, Swainsboro, GA",30401,39576,117,5099,5079,1800,33,116,33,6684,2743,6523,162,622,11899,117,20,5,0,6,0,1,161,34,37,6,12521
"30410, Ailey, GA",30410,45699,4,699,694,252,1,4,1,1334,512,1294,25,107,2035,14,4,0,0,0,0,0,41,11,1,0,2142
"30411, Alamo, GA",30411,39448,6,2218,2183,274,0,4,1,2649,601,2524,30,230,4739,12,34,1,1,1,0,2,126,15,1,1,4969
"30412, Alston, GA",30412,58333,0,53,53,19,0,0,0,144,57,139,4,13,197,2,0,0,0,0,0,0,5,2,0,0,210
"30413, Bartow, GA",30413,45403,5,537,535,193,2,4,2,532,217,519,8,34,1063,4,1,0,0,1,0,1,14,3,3,1,1097
"30415, Brooklet, GA",30415,69748,64,1011,994,345,16,63,16,6810,2473,6727,54,208,7984,18,12,3,0,1,1,1,89,25,24,7,8192
"30417, Claxton, GA",30417,51168,99,2740,2708,972,18,77,24,6018,2568,5816,307,1366,9003,223,31,9,6,8,1,22,203,60,26,8,10369
"30420, Cobbtown, GA",30420,48962,6,265,263,118,1,6,1,1653,754,1581,64,290,1913,43,1,1,0,3,1,0,73,18,10,1,2203
"30421, Collins, GA",30421,34923,8,874,870,310,4,8,4,1901,846,1811,92,384,2770,63,4,1,0,1,1,0,90,24,27,3,3154
"30423, Daisy, GA",30423,57031,6,91,90,39,2,6,2,180,86,172,11,55,284,8,1,0,0,0,0,0,8,3,1,0,339
"30425, Garfield, GA",30425,57692,4,286,284,86,0,4,0,734,264,723,8,30,1026,3,2,1,0,1,0,0,11,4,1,0,1056
"30426, Girard, GA",30426,55670,0,604,598,207,0,0,0,541,228,530,6,27,1148,1,3,1,0,1,0,0,14,4,3,0,1175
"30427, Glennville, GA",30427,58607,79,3868,3832,1059,17,70,19,7433,3135,6921,370,1431,11092,214,34,9,2,25,4,9,514,130,55,11,12523
"30428, Glenwood, GA",30428,47000,10,567,561,193,2,9,2,2299,828,2265,36,145,2872,25,5,2,0,4,1,1,35,8,2,0,3017
"30429, Hagan, GA",30429,40250,12,487,487,140,1,8,2,111,13,109,5,26,614,4,1,0,1,1,0,4,1,0,1,0,640
"30434, Louisville, GA",30434,43669,39,3349,3335,1076,10,39,10,1890,727,1864,23,84,5280,10,12,5,0,0,0,0,28,6,15,2,5364
"30436, Lyons, GA",30436,42995,56,2326,2297,825,14,55,14,7765,3195,7335,516,2274,10124,370,28,6,0,25,5,1,431,114,115,21,12398
"30438, Manassas, GA",30438,30000,0,24,23,10,0,0,0,56,24,54,2,10,79,1,0,0,0,0,0,0,3,1,1,0,89
"30439, Metter, GA",30439,49391,87,2617,2605,946,22,83,23,6524,2666,6174,248,1203,9031,159,12,6,1,1,0,4,350,77,30,5,10234
"30441, Midville, GA",30441,43571,6,759,755,304,1,6,1,882,347,869,6,33,1650,2,4,0,0,0,0,0,13,3,3,1,1683
"30442, Millen, GA",30442,41618,38,4123,4096,691,5,35,8,4122,825,4055,64,275,8282,21,31,13,3,3,2,3,63,21,18,4,8557
"30445, Mount Vernon, GA",30445,44648,15,1345,1333,436,6,15,6,2191,799,2105,39,208,3524,22,11,2,0,0,0,0,87,14,4,1,3732
"30446, Newington, GA",30446,52865,3,675,667,228,0,3,0,878,359,868,7,26,1561,1,7,3,0,0,0,0,11,1,4,2,1587
"30448, Nunez, GA",30448,30263,2,81,81,27,1,2,1,146,60,140,4,16,226,3,0,0,0,1,0,0,6,1,0,0,242
"30449, Oliver, GA",30449,55556,0,69,68,26,0,0,0,90,40,90,1,2,161,0,1,1,0,1,0,0,0,0,0,0,163
"30450, Portal, GA",30450,49908,2,927,923,319,1,2,1,1897,738,1856,38,145,2830,20,5,1,0,4,1,0,40,14,11,2,2975
"30451, Pulaski, GA",30451,41600,0,165,163,62,0,0,0,258,92,242,7,32,417,3,2,0,0,0,0,0,16,4,3,0,449
"30452, Register, GA",30452,56882,17,636,628,210,7,17,7,1250,487,1238,10,34,1922,2,6,2,0,0,0,0,14,5,3,1,1956
"30453, Reidsville, GA",30453,43208,38,3469,3448,653,9,38,9,4422,1642,4069,246,1051,7735,173,21,7,0,5,1,0,353,56,49,9,8786
"30454, Rockledge, GA",30454,52083,3,35,35,14,0,3,0,528,212,522,3,11,564,2,0,0,0,0,0,0,6,1,0,0,575
"30455, Rocky Ford, GA",30455,44194,5,220,219,78,1,5,1,395,171,385,4,17,618,1,0,0,0,0,0,0,11,2,1,1,635
"30456, Sardis, GA",30456,50240,0,853,847,282,0,0,0,999,419,969,13,53,1846,2,12,4,0,1,0,0,24,6,6,1,1899
"30457, Soperton, GA",30457,45628,17,2301,2289,815,3,17,3,3650,1466,3627,29,115,6013,15,11,2,0,3,2,0,24,6,14,4,6128
"30458, Statesboro, GA",30458,36367,859,15530,15382,5102,300,851,305,25245,9237,24611,557,1926,41850,214,141,43,5,32,8,8,641,246,166,41,43776
"30460, Statesboro, GA",30460,0,0,0,0,0,0,0,0,0,0,0,0,0,0,0,0,0,0,0,0,0,0,0,0,0,0
"30461, Statesboro, GA",30461,60849,376,4573,4544,1616,114,372,115,10609,4232,10444,122,437,15678,40,27,10,1,13,3,4,167,64,30,4,16115
"30464, Stillmore, GA",30464,45000,4,61,61,19,1,4,1,140,54,138,2,10,205,2,0,0,0,0,0,0,2,0,0,0,215
"30467, Sylvania, GA",30467,46788,55,5113,5071,1802,14,54,14,6178,2604,6114,41,176,11438,9,35,9,0,13,3,1,71,19,24,1,11614
"30470, Tarrytown, GA",30470,54435,3,110,110,42,0,3,0,869,366,862,4,18,984,3,0,0,0,0,0,0,7,1,2,0,1002
"30471, Twin City, GA",30471,45984,27,1772,1769,523,5,27,5,2838,1052,2791,33,147,4629,21,4,1,0,2,0,0,46,10,4,1,4776
"30473, Uvalda, GA",30473,48859,5,223,205,82,3,5,3,1951,801,1908,63,278,2164,50,19,2,0,0,0,0,42,10,13,1,2442
"30474, Vidalia, GA",30474,45811,200,4895,4865,1807,61,200,61,9239,3848,8908,249,958,14301,126,33,8,0,12,3,0,328,95,54,17,15259
"30475, Vidalia, GA",30475,33750,7,219,219,81,3,7,3,215,121,199,6,29,444,1,0,0,0,0,0,0,16,5,1,0,473
"30477, Wadley, GA",30477,34271,15,1971,1964,726,3,12,4,825,327,778,29,129,2764,15,6,2,1,0,0,3,48,9,8,2,2893
"30501, Gainesville, GA",30501,44873,524,4076,3954,1487,112,455,122,15349,6179,11682,2753,13309,17179,1845,116,26,10,175,35,68,3676,724,597,113,30488
"30504, Gainesville, GA",30504,57034,979,1956,1848,746,245,954,249,13570,5340,8820,2760,13536,12628,1614,107,26,4,112,16,24,4752,981,531,119,26164
"30506, Gainesville, GA",30506,84205,488,917,888,301,133,479,134,45416,17334,43152,1135,5185,45643,533,28,8,1,74,11,9,2265,511,346,71,50828
"30507, Gainesville, GA",30507,59440,513,4328,4165,1308,115,463,121,18539,6055,12359,2693,13616,18049,1322,159,27,6,86,20,50,6184,1194,600,124,31665
"30510, Alto, GA",30510,50419,189,852,843,62,42,189,42,7065,2295,6706,252,1238,7980,159,10,1,0,21,4,0,358,68,61,20,9218
"30511, Baldwin, GA",30511,52455,91,70,61,23,23,87,24,3279,1250,2805,204,976,3075,87,9,3,1,30,8,4,474,100,30,5,4051
"30512, Blairsville, GA",30512,58650,108,91,85,16,24,103,24,19553,8775,19256,141,529,19832,41,2,1,0,5,4,0,325,92,13,3,20361
"30513, Blue Ridge, GA",30513,47828,34,38,31,6,8,34,8,11816,5228,11628,96,362,11934,33,7,1,0,3,2,0,188,57,24,3,12296
"30516, Bowersville, GA",30516,47056,19,178,174,59,5,16,6,1501,607,1485,34,121,1706,23,3,1,1,0,0,3,17,7,8,2,1827
"30517, Braselton, GA",30517,85570,428,905,888,288,98,414,100,11642,4153,10904,290,1259,12557,91,18,4,2,8,3,14,737,175,76,15,13816
"30518, Buford, GA",30518,89607,4260,6828,6599,2227,1192,4203,1199,33214,12553,28676,2125,8941,40910,810,229,51,7,74,15,57,4538,1163,487,79,49851
"30519, Buford, GA",30519,92724,4506,8162,7958,2333,1247,4480,1251,32294,11223,28849,1496,6137,42836,446,203,52,4,99,20,26,3446,895,391,79,48973
"30520, Canon, GA",30520,49364,34,494,484,177,7,32,7,3382,1369,3294,67,243,3879,29,6,2,0,5,1,2,92,32,13,3,4122
"30521, Carnesville, GA",30521,43026,35,354,350,110,11,35,11,4365,1674,4312,34,139,4789,15,1,1,0,1,0,0,56,16,15,2,4928
"30522, Cherry Log, GA",30522,62162,4,4,3,1,1,3,1,1342,608,1324,8,33,1355,2,1,0,0,0,0,1,19,6,3,0,1388
"30523, Clarkesville, GA",30523,67508,116,146,143,48,23,115,23,12091,4971,11798,143,619,12321,65,2,1,0,4,1,0,296,73,30,3,12940
"30525, Clayton, GA",30525,45541,30,85,79,28,9,29,10,7105,3096,6669,173,768,7042,60,6,2,1,4,0,1,438,95,48,15,7810
"30527, Clermont, GA",30527,80875,6,23,23,7,1,6,1,3697,1349,3655,19,93,3746,9,0,0,0,0,0,0,41,8,14,2,3839
"30528, Cleveland, GA",30528,52713,105,448,439,122,22,104,22,24346,9173,23920,166,786,25026,62,3,0,0,11,2,0,441,100,49,2,25812
"30529, Commerce, GA",30529,55526,166,1378,1364,507,43,164,43,9698,3730,9354,186,795,11157,86,9,4,0,20,5,1,351,77,55,14,11952
"30530, Commerce, GA",30530,55870,86,330,325,120,20,85,21,5411,1999,5307,60,257,5870,28,4,1,1,8,1,1,105,25,23,4,6127
"30531, Cornelia, GA",30531,44225,520,406,395,170,138,502,141,8287,3199,6962,582,2864,8317,257,10,3,3,58,14,16,1330,289,124,16,11181
"30533, Dahlonega, GA",30533,60155,178,387,357,92,41,170,44,26105,9056,25396,303,1333,26790,92,29,3,3,7,1,8,712,191,80,13,28123
"30534, Dawsonville, GA",30534,74134,244,199,185,41,51,236,52,28666,11210,27965,292,1369,29011,103,13,3,1,13,3,7,705,167,71,15,30380
"30535, Demorest, GA",30535,57640,126,108,105,24,38,126,38,6955,2677,6725,108,497,7171,46,3,1,0,2,0,0,230,55,22,6,7668
"30536, Ellijay, GA",30536,55653,33,37,27,4,7,31,8,7829,3349,7559,132,590,7768,67,10,2,1,5,1,2,271,57,27,4,8358
"30537, Dillard, GA",30537,61782,42,37,37,1,2,42,2,1362,570,1266,39,156,1394,11,0,0,0,2,0,1,95,25,15,3,1550
"30538, Eastanollee, GA",30538,54505,11,194,191,75,4,11,4,2857,1103,2820,21,103,3079,9,2,1,0,1,0,0,38,10,23,1,3182
"30540, Ellijay, GA",30540,47986,113,136,104,30,18,80,27,17609,7459,16543,558,2454,17091,296,32,4,9,14,2,33,1068,235,96,12,19545
"30541, Epworth, GA",30541,60714,5,6,5,1,1,5,1,1582,676,1566,8,35,1600,2,1,0,0,0,0,0,16,5,6,1,1635
"30542, Flowery Branch, GA",30542,88857,866,2179,2127,732,232,839,236,27572,10260,25147,1116,4826,28990,443,53,8,4,35,7,27,2424,601,267,53,33816
"30543, Gillsville, GA",30543,62646,42,280,270,99,9,37,9,4304,1520,3618,282,1378,4074,132,10,2,0,10,2,5,686,139,47,7,5452
"30545, Helen, GA",30545,71336,24,45,45,20,7,24,7,1386,621,1365,5,25,1452,0,0,0,0,0,0,0,21,5,0,0,1477
"30546, Hiawassee, GA",30546,49544,26,20,19,5,6,25,6,6982,3051,6903,49,135,7017,15,0,0,0,0,0,0,85,31,9,3,7152
"30547, Homer, GA",30547,57082,32,96,95,29,6,32,6,3185,1192,3121,23,117,3307,11,1,1,0,2,0,0,64,9,8,2,3424
"30548, Hoschton, GA",30548,101170,707,1229,1196,371,158,699,159,16126,5774,15297,324,1391,17642,94,33,8,1,7,2,8,829,209,76,10,19033
"30549, Jefferson, GA",30549,75132,570,2288,2252,724,129,566,129,22301,8077,21490,346,1455,24888,111,29,9,0,11,2,3,820,189,113,35,26343
"30552, Lakemont, GA",30552,47714,4,20,18,4,1,4,1,2014,886,1964,17,73,2031,4,2,0,0,3,0,0,50,13,2,0,2104
"30553, Lavonia, GA",30553,53565,41,1072,1062,396,11,41,11,6458,2699,6244,135,553,7533,69,12,2,0,8,1,0,212,52,38,11,8086
"30554, Lula, GA",30554,63545,72,264,263,105,20,70,20,7849,2933,7668,106,501,8183,57,2,0,0,16,3,2,180,41,33,5,8684
"30555, Mc Caysville, GA",30555,46903,9,2,1,0,4,9,4,2411,1096,2401,6,25,2462,1,1,0,0,0,0,0,11,5,6,0,2487
"30557, Martin, GA",30557,52949,42,455,452,155,9,42,9,4786,1905,4726,42,146,5347,15,1,0,0,0,0,0,62,20,27,7,5493
"30558, Maysville, GA",30558,54491,68,189,189,60,15,68,15,4855,1785,4722,70,299,5090,39,0,0,0,2,1,0,133,28,26,2,5389
"30559, Mineral Bluff, GA",30559,46882,13,32,30,8,3,6,4,4650,2008,4583,23,99,4688,5,0,0,1,0,0,7,74,17,4,0,4787
"30560, Morganton, GA",30560,52087,43,24,21,8,13,41,13,5210,2288,5177,20,81,5338,10,2,0,0,0,0,0,42,9,3,1,5419
"30562, Mountain City, GA",30562,52857,6,4,4,1,2,6,2,663,273,632,12,59,671,4,0,0,0,4,0,0,31,7,3,1,730
"30563, Mount Airy, GA",30563,66709,266,87,83,25,71,265,71,5315,2098,5049,124,584,5569,58,4,1,0,3,1,2,265,56,26,8,6153
"30564, Murrayville, GA",30564,67585,30,61,60,16,6,29,6,5121,1918,5015,45,223,5238,17,1,0,0,1,1,1,106,25,26,2,5461
"30565, Nicholson, GA",30565,72161,34,227,221,74,10,34,10,4773,1767,4669,61,301,5008,37,5,1,0,4,1,0,105,20,12,2,5309
"30566, Oakwood, GA",30566,61719,199,577,556,225,48,198,48,5821,2381,5038,440,1960,6054,238,23,4,0,20,2,1,781,170,99,26,8014
"30567, Pendergrass, GA",30567,72119,84,102,100,37,18,83,18,3315,1171,3152,76,334,3443,35,1,0,0,2,1,0,165,37,20,3,3777
"30568, Rabun Gap, GA",30568,46024,41,35,35,1,3,40,3,1801,758,1688,56,217,1829,24,0,0,0,3,0,1,113,29,12,3,2046
"30571, Sautee Nacoochee, GA",30571,69866,28,41,40,17,8,27,8,2926,1229,2892,12,46,3010,0,0,0,0,2,0,0,38,11,2,1,3056
"30572, Suches, GA",30572,44276,5,11,11,2,2,5,2,1371,651,1345,13,50,1399,2,0,0,0,1,1,0,27,10,1,0,1449
"30573, Tallulah Falls, GA",30573,42500,10,10,10,0,0,9,0,172,67,151,8,32,177,2,0,0,0,0,0,0,22,5,2,1,209
"30575, Talmo, GA",30575,67722,24,60,59,19,4,24,4,1112,398,982,56,260,1120,27,1,0,0,0,0,0,130,27,9,2,1380
"30576, Tiger, GA",30576,44324,4,21,18,4,1,4,1,1905,833,1823,33,137,1905,10,3,1,0,3,0,0,81,21,6,1,2042
"30577, Toccoa, GA",30577,49308,239,3315,3282,1285,52,233,53,17477,6978,17168,144,627,21184,48,25,5,1,8,2,5,319,80,70,8,21811
"30581, Wiley, GA",30581,45000,0,0,0,0,0,0,0,134,63,132,0,2,133,0,0,0,0,0,0,0,2,0,0,0,135
"30582, Young Harris, GA",30582,52204,46,53,47,0,7,42,7,5691,2028,5586,36,169,5741,5,3,0,0,1,0,3,110,31,6,0,5910
"30601, Athens, GA",30601,29300,335,10238,10168,3775,117,306,123,10584,4280,8875,974,3918,20090,459,52,14,6,51,13,28,1730,437,176,45,24008
"30602, Athens, GA",30602,0,0,0,0,0,0,0,0,0,0,0,0,0,0,0,0,0,0,0,0,0,0,0,0,0,0
"30605, Athens, GA",30605,42190,3707,9817,9718,3161,1205,3670,1209,30529,11402,29114,759,2546,43981,237,89,20,4,11,4,33,1430,450,177,44,46527
"30606, Athens, GA",30606,59732,1861,11277,11158,4344,664,1815,671,29073,12760,27220,1152,4210,41485,493,110,29,7,45,11,44,1865,535,250,77,45695
"30607, Athens, GA",30607,56564,119,3258,3206,1053,34,118,34,5602,2094,4309,658,3066,8021,329,50,11,0,27,4,1,1295,286,140,28,11087
"30609, Athens, GA",30609,22500,57,66,66,1,0,56,0,450,12,434,0,24,578,0,1,0,0,0,0,1,15,0,2,0,602
"30619, Arnoldsville, GA",30619,55769,7,385,382,146,2,7,2,1396,553,1358,22,90,1798,12,2,0,0,0,0,0,39,8,5,2,1888
"30620, Bethlehem, GA",30620,81501,536,2140,2097,672,121,528,122,10449,3580,9604,369,1620,12543,116,41,5,1,15,2,8,847,210,156,35,14163
"30621, Bishop, GA",30621,90717,98,375,369,140,26,97,27,4472,1531,4387,37,164,4920,16,5,1,1,1,0,1,86,16,11,3,5084
"30622, Bogart, GA",30622,86197,409,972,963,349,115,407,116,7377,2794,7021,143,577,8557,42,8,2,1,6,2,1,358,91,25,5,9134
"30623, Bostwick, GA",30623,64474,0,81,81,28,0,0,0,342,133,337,3,12,430,1,0,0,0,0,0,0,5,1,3,1,442
"30624, Bowman, GA",30624,49713,31,489,474,172,7,31,7,2578,1042,2509,39,172,3058,16,14,3,0,0,0,0,70,18,7,2,3230
"30625, Buckhead, GA",30625,59324,12,394,392,148,2,12,2,2068,835,2019,37,137,2469,20,1,1,0,2,0,0,50,15,4,1,2606
"30627, Carlton, GA",30627,44970,21,570,569,229,4,19,5,1910,741,1879,15,68,2515,4,1,0,1,1,1,2,31,8,4,1,2583
"30628, Colbert, GA",30628,60329,45,802,797,275,11,45,11,5972,2301,5826,89,420,6869,52,3,1,0,0,0,0,148,33,17,3,7289
"30629, Comer, GA",30629,64881,59,618,608,223,12,58,12,4036,1520,3977,17,101,4743,3,4,0,0,3,1,0,67,12,10,1,4844
"30630, Crawford, GA",30630,54272,12,469,466,169,3,12,3,1972,786,1926,21,89,2477,9,3,1,0,1,1,0,46,8,5,2,2566
"30631, Crawfordville, GA",30631,34911,9,898,898,403,2,7,3,559,270,546,12,41,1474,7,0,0,1,0,0,2,13,4,1,0,1515
"30633, Danielsville, GA",30633,56806,77,336,325,107,20,75,21,8233,3129,8107,50,251,8706,14,9,2,1,9,2,1,130,28,22,3,8957
"30634, Dewy Rose, GA",30634,49013,29,543,539,204,8,29,8,1632,638,1591,26,122,2192,15,3,1,0,0,0,0,42,10,8,0,2314
"30635, Elberton, GA",30635,46915,109,5337,5310,2036,33,108,33,9428,3981,9146,229,858,14819,123,25,10,0,12,3,1,284,86,33,7,15677
"30641, Good Hope, GA",30641,83163,20,180,177,64,5,20,5,1723,641,1698,10,41,1932,4,0,0,0,0,0,0,28,5,2,1,1973
"30642, Greensboro, GA",30642,63445,63,4170,4137,1535,22,53,25,7202,3468,6882,212,904,11240,121,34,12,3,9,2,10,319,69,34,5,12144
"30643, Hartwell, GA",30643,47717,196,3813,3792,1305,69,195,69,12173,5361,11946,141,517,16220,60,17,6,0,1,0,1,231,69,29,6,16737
"30646, Hull, GA",30646,62125,60,1001,980,335,13,58,13,5880,2313,5645,120,574,6864,57,20,2,0,2,1,2,236,57,25,3,7438
"30648, Lexington, GA",30648,54167,16,881,881,329,3,16,3,2367,936,2318,19,90,3292,7,1,0,0,1,1,0,48,10,4,1,3382
"30650, Madison, GA",30650,65320,110,3665,3649,1379,27,110,27,8292,3252,8116,108,476,12110,55,11,2,0,7,1,0,181,44,28,6,12586
"30655, Monroe, GA",30655,62637,231,7738,7684,2670,65,222,69,19473,7414,18960,223,979,27532,71,46,12,4,9,1,9,521,127,71,8,28511
"30656, Monroe, GA",30656,73251,424,2738,2721,928,92,416,93,13029,4818,12682,136,607,16153,38,15,2,1,12,2,8,349,86,43,7,16760
"30660, Rayle, GA",30660,43235,12,255,252,105,1,9,2,529,231,500,22,90,783,14,1,0,1,0,0,3,31,7,1,0,873
"30662, Royston, GA",30662,47044,71,983,969,323,25,71,25,6832,2698,6722,66,320,7919,37,10,2,0,1,1,0,114,22,28,4,8239
"30663, Rutledge, GA",30663,65284,14,482,478,177,3,14,3,2240,873,2225,7,39,2769,3,1,0,0,1,0,0,18,3,1,1,2808
"30664, Sharon, GA",30664,56250,0,32,30,15,0,0,0,22,11,22,0,2,54,0,0,0,0,0,0,0,2,0,0,0,56
"30665, Siloam, GA",30665,77083,0,29,29,10,0,0,0,96,48,95,0,3,126,0,0,0,0,0,0,0,1,0,1,0,129
"30666, Statham, GA",30666,69881,287,1584,1550,541,68,280,68,7834,2878,7417,223,924,9487,91,31,7,0,7,2,7,420,111,75,12,10411
"30667, Stephens, GA",30667,60256,2,242,242,91,1,2,1,653,264,627,15,71,891,9,1,0,0,0,0,0,25,6,3,0,962
"30668, Tignall, GA",30668,40959,4,635,628,279,1,3,1,1090,522,1081,8,30,1741,3,7,3,0,1,0,1,9,2,0,0,1771
"30669, Union Point, GA",30669,38324,20,1793,1786,666,5,20,5,1792,771,1720,33,188,3575,17,8,3,0,10,1,0,71,11,17,1,3763
"30673, Washington, GA",30673,38389,46,3552,3540,1481,13,45,13,3633,1721,3530,80,311,7265,52,12,2,0,4,1,1,103,25,10,0,7576
"30677, Watkinsville, GA",30677,107249,837,1276,1270,439,228,833,229,18786,6975,18340,184,726,20754,67,7,5,1,4,0,4,445,105,47,6,21480
"30678, White Plains, GA",30678,45255,2,664,662,238,0,2,0,714,327,693,6,30,1375,2,0,0,0,0,0,0,23,3,2,1,1405
"30680, Winder, GA",30680,70439,1622,5532,5427,1947,348,1581,353,34939,12839,32971,1017,4385,41148,434,103,25,5,52,4,40,1971,497,330,52,45533
"30683, Winterville, GA",30683,67143,93,1830,1816,590,29,85,30,4490,1858,4165,164,716,6299,77,14,2,1,3,1,8,325,74,45,9,7015
"30701, Calhoun, GA",30701,55942,675,1867,1763,668,176,618,187,33311,12293,29710,1845,7997,32773,873,104,28,11,91,22,57,3601,821,409,90,40770
"30705, Chatsworth, GA",30705,50658,139,246,213,66,26,109,34,27829,10235,25837,1118,5099,26673,633,35,7,8,64,14,31,1986,424,205,32,31772
"30707, Chickamauga, GA",30707,57089,97,716,708,284,27,96,27,15365,5906,15276,53,194,16432,17,4,3,0,7,2,0,96,24,35,7,16626
"30708, Cisco, GA",30708,74286,4,0,0,0,1,3,1,331,132,328,1,6,338,0,0,0,0,0,0,0,5,1,1,0,344
"30710, Cohutta, GA",30710,68418,43,107,101,33,11,37,12,5735,2090,5516,95,400,5718,34,7,2,1,12,1,6,217,54,24,3,6118
"30711, Crandall, GA",30711,44779,8,8,8,1,2,8,2,3346,1284,3267,44,197,3336,26,0,0,0,3,0,0,75,15,23,3,3533
"30720, Dalton, GA",30720,60705,685,1075,969,385,185,627,201,20456,7897,16034,1891,8322,17938,706,115,23,16,138,25,64,4404,1052,445,69,26260
"30721, Dalton, GA",30721,48182,504,2052,1813,746,96,367,130,41109,14386,28550,5468,24217,31237,2155,260,67,34,370,76,141,12529,2899,1418,237,55454
"30725, Flintstone, GA",30725,59054,21,147,143,58,6,21,6,3806,1513,3766,25,78,4008,9,6,0,0,0,0,0,37,15,6,1,4086
"30726, Graysville, GA",30726,88889,3,4,4,1,1,3,1,157,61,155,0,3,167,0,0,0,0,0,0,0,2,0,0,0,170
"30728, La Fayette, GA",30728,53403,143,1070,1058,354,43,143,43,17043,6636,16844,81,358,18504,25,10,0,0,1,1,0,202,47,42,8,18862
"30730, Lyerly, GA",30730,46974,10,144,143,60,2,10,2,1695,681,1690,7,26,1894,2,2,1,0,2,2,0,4,2,4,0,1920
"30731, Menlo, GA",30731,54028,10,29,28,14,4,10,4,2310,988,2293,5,28,2378,1,0,0,0,0,0,0,19,4,2,0,2406
"30733, Plainville, GA",30733,52951,19,31,30,16,3,19,3,1989,753,1917,26,135,1994,12,1,1,0,0,0,0,72,13,3,0,2129
"30734, Ranger, GA",30734,55401,23,14,14,3,5,22,5,2997,1135,2977,12,40,3056,3,0,0,0,1,1,0,22,7,3,1,3096
"30735, Resaca, GA",30735,57002,44,51,41,14,7,39,8,6515,2376,6287,116,548,6481,53,10,3,1,26,5,5,228,44,46,10,7029
"30736, Ringgold, GA",30736,71240,542,891,865,327,141,525,145,40479,15146,39990,281,1095,42310,113,20,7,4,14,8,13,505,140,74,9,43405
"30738, Rising Fawn, GA",30738,70370,14,19,19,5,4,14,4,3767,1499,3729,5,50,3832,0,0,0,0,2,1,0,37,2,8,2,3882
"30739, Rock Spring, GA",30739,78779,37,252,245,47,11,37,11,5252,1940,5194,15,92,5583,4,4,0,0,0,0,0,62,10,10,1,5675
"30740, Rocky Face, GA",30740,69918,119,244,230,99,37,113,38,8520,3280,8098,198,830,8562,65,16,5,1,12,2,7,418,111,83,14,9392
"30741, Rossville, GA",30741,48313,440,1241,1225,450,129,424,132,27597,11561,27295,189,753,29909,73,7,0,3,7,2,13,321,97,84,14,30662
"30742, Fort Oglethorpe, GA",30742,54075,261,402,389,147,79,254,79,7078,3053,6994,59,229,7882,26,12,2,0,0,0,6,87,25,22,6,8111
"30746, Sugar Valley, GA",30746,58117,11,58,57,22,3,10,3,1280,492,1252,12,61,1334,5,0,0,0,3,1,1,29,5,4,1,1395
"30747, Summerville, GA",30747,45785,105,2308,2296,652,24,87,26,12997,5435,12851,108,523,15605,50,13,6,2,15,3,18,145,36,47,11,16128
"30750, Lookout Mountain, GA",30750,94692,33,60,59,4,0,31,0,3849,1246,3801,11,64,3963,0,0,0,0,0,0,1,51,11,5,0,4027
"30751, Tennga, GA",30751,33000,0,0,0,0,0,0,0,144,56,140,0,4,142,0,0,0,0,0,0,0,2,0,1,0,146
"30752, Trenton, GA",30752,53507,89,61,59,20,24,83,24,8999,3611,8874,44,211,9225,9,1,0,0,4,1,4,132,32,12,2,9436
"30753, Trion, GA",30753,46867,60,161,161,57,12,52,13,5857,2408,5735,137,690,6096,88,0,0,1,2,0,8,122,29,71,19,6786
"30755, Tunnel Hill, GA",30755,63597,84,237,212,68,14,77,16,9034,3392,8669,171,763,9113,67,26,6,2,14,3,7,363,84,60,9,9876
"30756, Varnell, GA",30756,42857,1,8,9,3,0,0,0,254,93,241,5,17,256,1,0,0,0,1,0,1,11,4,1,0,273
"30757, Wildwood, GA",30757,50463,45,79,78,40,15,42,16,1574,687,1550,16,64,1718,4,2,0,1,3,0,3,23,11,1,0,1782
"30802, Appling, GA",30802,87822,64,1305,1293,435,11,64,11,5815,2206,5746,29,104,7208,6,3,1,0,0,0,0,79,22,9,0,7312
"30803, Avera, GA",30803,46053,3,166,164,58,1,3,1,502,195,501,0,5,681,0,0,0,0,0,0,0,3,0,0,0,686
"30805, Blythe, GA",30805,57773,62,1133,1105,366,14,57,14,2222,785,2123,55,247,3443,18,27,3,0,8,1,5,100,29,41,4,3690
"30807, Camak, GA",30807,47778,0,157,156,57,0,0,0,97,46,97,0,2,255,0,0,0,0,0,0,0,1,0,1,0,257
"30808, Dearing, GA",30808,60221,24,1025,1017,368,10,23,10,2787,1101,2702,38,193,3868,17,9,0,0,2,0,1,84,21,11,0,4061
"30809, Evans, GA",30809,115456,2486,6718,6624,2381,756,2468,756,36856,13404,35563,535,2111,46030,101,87,23,0,13,6,15,1304,349,288,56,48141
"30810, Gibson, GA",30810,45165,2,268,261,90,1,2,1,1980,760,1975,4,17,2286,1,2,1,0,0,0,0,11,2,0,0,2303
"30812, Gracewood, GA",30812,36250,3,108,106,33,1,3,1,143,44,138,3,13,255,2,1,0,0,0,0,0,6,1,2,0,268
"30813, Grovetown, GA",30813,81724,926,9660,9373,3191,277,898,282,26781,10161,25107,920,3485,36928,288,286,85,5,32,9,28,1675,458,387,75,40413
"30814, Harlem, GA",30814,59019,97,2072,2048,788,28,93,30,7418,2854,7224,105,430,9602,36,24,4,2,3,0,4,194,59,45,4,10032
"30815, Hephzibah, GA",30815,69649,717,23057,22675,7735,224,701,229,12650,4842,12004,486,1756,36696,141,376,80,5,35,7,16,652,212,255,41,38452
"30816, Keysville, GA",30816,53252,9,701,694,266,3,7,3,920,354,883,31,109,1619,20,6,2,0,0,0,2,38,9,6,0,1728
"30817, Lincolnton, GA",30817,48690,45,2630,2618,1017,7,45,7,4888,2163,4821,28,116,7601,9,8,4,0,0,0,0,71,14,9,1,7717
"30818, Matthews, GA",30818,52439,7,154,152,51,2,7,2,413,160,391,11,48,559,6,1,0,0,0,0,0,23,5,1,0,607
"30820, Mitchell, GA",30820,50833,2,292,290,109,1,2,1,806,313,799,5,18,1106,3,1,0,0,0,0,0,8,2,0,0,1124
"30821, Norwood, GA",30821,35476,3,621,616,237,0,3,0,294,141,292,2,9,923,0,4,0,0,0,0,0,3,2,1,0,932
"30822, Perkins, GA",30822,25000,1,22,21,4,0,1,0,78,17,78,1,6,101,1,0,0,0,0,0,0,1,0,0,0,107
"30823, Stapleton, GA",30823,57598,4,628,626,204,2,4,2,873,357,857,8,44,1513,4,2,0,0,0,0,0,16,4,5,0,1557
"30824, Thomson, GA",30824,52052,79,7977,7925,2943,21,78,21,8281,3476,8178,69,295,16485,18,48,16,0,5,0,1,107,29,33,6,16780
"30828, Warrenton, GA",30828,42643,18,2182,2163,806,6,17,6,1142,522,1130,11,41,3342,1,18,4,0,1,0,1,13,6,2,0,3383
"30830, Waynesboro, GA",30830,42163,79,7762,7721,2711,22,76,23,5446,2214,5333,100,358,13356,45,37,17,1,0,0,3,117,29,27,8,13714
"30833, Wrens, GA",30833,42091,17,1924,1922,687,7,17,7,1477,607,1423,34,167,3424,23,3,1,0,0,0,0,53,10,3,0,3591
"30901, Augusta, GA",30901,25198,139,13325,13234,5357,36,137,37,1843,1019,1777,85,245,15415,16,87,25,1,5,2,2,70,36,31,5,15660
"30903, Augusta, GA",30903,42143,2,502,500,117,0,1,0,43,4,39,2,14,545,0,2,1,0,0,0,1,4,1,4,0,559
"30904, Augusta, GA",30904,42831,520,13285,13144,5136,242,510,245,11083,5470,10791,254,806,25188,75,129,32,3,14,3,10,304,120,114,21,25994
"30905, Augusta, GA",30905,62139,334,2406,2265,286,19,318,20,4696,481,3972,109,1348,7139,37,140,5,1,12,0,16,725,54,174,12,8487
"30906, Augusta, GA",30906,50117,701,37689,37236,12766,269,691,272,17029,6967,16193,640,2249,55979,175,449,100,3,25,7,10,840,289,360,66,58228
"30907, Augusta, GA",30907,84028,3381,10114,9919,3869,1194,3356,1201,42904,17443,41381,768,2718,56574,173,182,54,7,16,5,21,1542,461,337,68,59292
"30909, Augusta, GA",30909,61460,1374,19825,19501,8155,591,1352,601,18723,9096,17738,864,2375,39936,264,316,107,10,38,10,21,994,407,248,66,42311
"30912, Augusta, GA",30912,0,0,0,0,0,0,0,0,0,0,0,0,0,0,0,0,0,0,0,0,0,0,0,0,0,0
"31001, Abbeville, GA",31001,38322,29,1997,1976,294,5,29,5,2088,654,1957,14,200,4024,5,18,1,0,1,0,0,134,7,17,1,4224
"31002, Adrian, GA",31002,48125,2,475,478,170,1,2,1,2821,1186,2794,20,102,3321,12,1,0,0,3,1,0,23,6,11,1,3423
"31003, Allentown, GA",31003,71429,1,36,35,16,0,1,0,124,55,123,1,3,163,0,0,0,0,0,0,0,2,1,1,0,166
"31005, Bonaire, GA",31005,104208,570,3934,3905,1417,158,564,159,11972,4515,11411,236,891,16493,63,28,8,1,7,0,6,562,147,77,17,17384
"31006, Butler, GA",31006,43523,46,1953,1936,795,11,46,11,2484,1111,2436,57,131,4460,40,14,3,0,1,0,0,51,14,4,0,4591
"31007, Byromville, GA",31007,41250,11,637,631,254,2,10,3,439,200,377,35,141,1031,15,3,2,1,0,0,1,65,16,6,1,1172
"31008, Byron, GA",31008,73816,364,4377,4336,1698,105,363,106,14134,5918,13679,233,818,18886,79,36,10,1,8,3,1,460,130,53,10,19704
"31009, Cadwell, GA",31009,42500,1,302,298,85,0,1,0,1014,404,1000,7,28,1311,2,1,0,0,0,0,0,17,4,3,1,1339
"31011, Chauncey, GA",31011,55000,2,119,118,47,1,2,1,450,184,437,8,32,567,4,1,0,0,1,0,0,13,4,2,0,599
"31012, Chester, GA",31012,47947,6,1004,999,123,1,6,1,1389,455,1331,12,91,2369,7,4,0,0,0,0,0,59,5,1,0,2460
"31014, Cochran, GA",31014,49843,130,4333,4296,1314,40,129,40,9396,4068,9237,86,336,13812,36,32,4,0,6,1,1,164,40,26,5,14148
"31015, Cordele, GA",31015,47535,196,9503,9456,3467,54,191,56,9955,4351,9700,161,684,19692,84,41,8,2,8,2,5,261,62,11,3,20376
"31016, Culloden, GA",31016,52586,9,571,568,229,2,9,2,784,321,778,5,18,1375,1,2,1,0,1,0,0,7,3,2,0,1393
"31017, Danville, GA",31017,48621,3,590,586,221,1,3,1,938,417,929,5,18,1539,1,1,0,0,1,1,0,12,3,1,0,1557
"31018, Davisboro, GA",31018,61082,15,1480,1473,224,1,15,1,1180,293,1058,7,176,2569,6,6,0,0,3,0,0,123,1,2,0,2745
"31019, Dexter, GA",31019,54000,8,291,285,88,1,7,1,1986,783,1974,8,29,2306,2,0,0,0,0,0,1,19,6,0,0,2335
"31020, Dry Branch, GA",31020,50202,10,972,964,373,2,10,2,1081,454,1060,15,43,2075,3,8,2,0,0,0,0,21,8,4,2,2118
"31021, Dublin, GA",31021,52555,444,12537,12490,4678,137,442,139,13455,5546,13194,201,700,26609,91,39,13,2,9,2,2,269,84,65,9,27309
"31022, Dudley, GA",31022,66667,6,421,416,156,1,6,1,929,344,918,6,28,1357,2,1,1,0,0,0,0,15,2,4,1,1385
"31023, Eastman, GA",31023,50720,109,4668,4618,1658,26,98,29,9214,3934,9002,167,646,13937,90,48,16,3,8,2,11,214,49,25,7,14583
"31024, Eatonton, GA",31024,58016,138,5652,5618,2113,34,124,41,13762,6052,13267,389,1587,19311,244,30,19,7,12,3,14,499,102,81,14,20898
"31025, Elko, GA",31025,73387,7,520,516,196,1,7,1,917,343,895,12,56,1451,4,3,1,0,0,0,0,23,4,15,3,1507
"31027, East Dublin, GA",31027,44247,30,3276,3253,1207,3,28,4,5491,2223,5378,85,303,8857,44,23,6,1,0,0,2,113,33,14,1,9160
"31028, Centerville, GA",31028,73845,366,1655,1642,640,108,365,109,4516,1986,4279,103,367,6557,23,12,4,1,0,0,1,238,69,36,6,6924
"31029, Forsyth, GA",31029,57906,188,5284,5261,1846,58,183,59,10464,4068,10317,71,336,16007,32,13,2,1,3,2,5,157,32,17,2,16343
"31030, Fort Valley, GA",31030,46797,121,10789,10716,4013,33,116,34,6311,2689,5583,400,1727,16818,201,64,15,1,4,1,5,737,174,54,8,18545
"31031, Gordon, GA",31031,64303,32,1862,1850,644,8,32,8,3851,1525,3817,21,83,5805,6,6,3,0,2,1,0,40,9,5,2,5888
"31032, Gray, GA",31032,79538,117,3167,3138,1166,28,117,28,10815,4042,10729,43,188,14188,14,22,3,0,0,0,0,93,22,22,4,14376
"31033, Haddock, GA",31033,72743,12,800,794,310,4,11,4,1710,631,1692,8,39,2535,3,4,1,0,0,0,1,20,4,2,0,2574
"31035, Harrison, GA",31035,60211,3,439,439,145,0,3,0,598,237,579,6,28,1033,1,1,0,0,1,0,0,18,4,4,1,1061
"31036, Hawkinsville, GA",31036,54692,111,4472,4446,1574,30,105,33,7218,2932,6980,144,603,11702,75,18,5,3,9,2,6,246,53,54,6,12305
"31037, Helena, GA",31037,37958,27,2110,2047,431,3,24,4,2559,841,2243,62,646,4363,33,54,3,1,6,1,3,325,23,48,1,5009
"31038, Hillsboro, GA",31038,58803,2,233,233,86,0,2,0,510,197,496,5,21,748,1,0,0,0,1,0,0,14,4,2,0,769
"31039, Howard, GA",31039,31667,1,19,19,8,0,1,0,13,6,12,1,2,32,1,0,0,0,0,0,0,1,0,0,0,34
"31041, Ideal, GA",31041,55172,6,155,153,58,2,6,2,122,57,122,1,4,284,1,0,0,0,0,0,0,2,0,0,0,288
"31042, Irwinton, GA",31042,45745,4,1107,1104,409,2,4,2,755,316,728,21,84,1855,15,2,0,0,4,1,0,28,4,3,1,1939
"31044, Jeffersonville, GA",31044,34640,10,1345,1340,541,4,10,4,1052,452,1032,9,42,2415,3,4,1,0,0,0,0,21,5,5,0,2457
"31045, Jewell, GA",31045,35000,0,48,47,20,0,0,0,23,10,23,0,1,71,0,0,0,0,0,0,0,1,0,0,0,72
"31046, Juliette, GA",31046,80732,40,469,466,164,9,40,9,2780,1107,2745,21,79,3294,9,0,0,0,0,0,0,38,11,5,1,3373
"31047, Kathleen, GA",31047,104756,363,2491,2471,865,97,361,97,8309,2999,7977,122,519,11189,27,17,1,0,7,1,2,335,84,46,9,11708
"31049, Kite, GA",31049,54924,4,507,506,121,1,4,1,1839,703,1808,11,63,2348,6,0,0,0,0,0,0,32,4,2,1,2411
"31050, Knoxville, GA",31050,64384,5,109,107,45,2,5,2,747,293,738,3,19,868,2,0,0,0,0,0,0,11,1,2,0,887
"31051, Lilly, GA",31051,41923,0,74,73,27,0,0,0,78,32,77,1,5,152,1,0,0,0,0,0,0,2,0,0,0,157
"31052, Lizella, GA",31052,78741,77,1773,1759,649,21,76,21,5742,2286,5685,33,109,7640,7,4,2,0,1,0,1,67,22,13,2,7749
"31054, Mc Intyre, GA",31054,49241,4,577,575,217,1,4,1,694,287,677,18,76,1274,11,1,0,0,2,1,0,18,4,5,2,1350
"31055, Mc Rae, GA",31055,35288,63,3307,3117,1041,10,60,10,3890,1262,3231,87,1548,6472,67,167,3,0,13,0,3,682,15,152,2,8020
"31057, Marshallville, GA",31057,54801,8,975,959,406,1,7,1,315,139,307,12,44,1290,5,15,3,0,1,0,1,9,4,1,0,1334
"31058, Mauk, GA",31058,51293,45,289,286,109,16,45,16,1914,796,1894,11,46,2252,2,2,1,0,1,1,0,21,7,5,0,2298
"31060, Milan, GA",31060,40400,0,247,240,97,0,0,0,1247,536,1229,9,41,1480,2,1,1,0,6,2,0,24,4,1,0,1521
"31061, Milledgeville, GA",31061,50593,796,18550,18446,5841,252,793,254,22554,7933,22145,256,943,42299,84,92,20,2,12,6,3,421,126,58,18,43242
"31062, Milledgeville, GA",31062,0,0,0,0,0,0,0,0,0,0,0,0,0,0,0,0,0,0,0,0,0,0,0,0,0,0
"31063, Montezuma, GA",31063,37987,108,3418,3395,1284,26,101,27,1394,550,1309,57,241,4869,24,10,1,1,19,3,7,98,27,9,1,5110
"31064, Monticello, GA",31064,58857,19,2488,2482,885,4,19,4,6519,2503,6340,106,412,9048,42,7,2,0,7,0,0,178,52,44,10,9460
"31065, Montrose, GA",31065,66071,7,362,359,136,2,7,2,773,293,762,6,24,1142,2,1,0,0,0,0,0,13,4,3,0,1166
"31066, Musella, GA",31066,45714,10,410,408,170,2,10,2,678,276,667,5,26,1107,2,1,0,0,2,1,0,12,1,2,1,1133
"31067, Oconee, GA",31067,52273,0,116,115,43,0,0,0,93,37,93,0,3,209,0,1,0,0,0,0,0,0,0,1,0,212
"31068, Oglethorpe, GA",31068,46538,43,2411,2391,773,8,32,11,1087,455,994,41,207,3435,15,18,5,3,5,1,11,95,15,20,2,3642
"31069, Perry, GA",31069,73266,458,6951,6919,2689,130,451,133,12481,5166,12138,171,612,19927,43,24,6,3,13,1,7,351,105,78,13,20539
"31070, Pinehurst, GA",31070,52941,2,375,372,131,0,2,0,527,235,499,8,48,887,3,2,0,0,0,0,0,29,5,1,0,935
"31071, Pineview, GA",31071,45063,4,463,463,179,1,4,1,924,372,913,12,37,1397,8,1,0,0,1,0,0,10,4,5,0,1434
"31072, Pitts, GA",31072,45476,10,169,169,70,2,10,2,1203,522,1179,18,59,1381,10,0,0,0,0,0,0,24,8,0,0,1440
"31075, Rentz, GA",31075,47907,3,390,387,138,1,3,1,1843,721,1819,16,68,2257,7,2,1,0,3,1,0,25,5,10,2,2325
"31076, Reynolds, GA",31076,38384,11,1191,1178,540,3,11,3,1402,645,1366,14,55,2591,1,7,2,0,0,0,0,42,11,2,0,2646
"31077, Rhine, GA",31077,49605,2,195,194,84,0,2,0,627,285,615,8,25,817,3,1,1,0,0,0,0,12,4,0,0,842
"31078, Roberta, GA",31078,52263,17,1459,1451,568,4,15,5,1812,699,1778,18,78,3327,6,6,2,1,1,0,2,36,8,3,1,3405
"31079, Rochelle, GA",31079,48473,17,726,725,291,5,16,5,1445,588,1411,20,87,2169,13,1,0,0,0,0,1,34,7,1,0,2256
"31081, Rupert, GA",31081,40000,7,190,190,68,3,6,3,197,86,195,1,6,395,1,0,0,0,0,0,1,2,0,1,0,401
"31082, Sandersville, GA",31082,40797,86,6032,5993,2271,19,86,19,4309,1842,4250,46,182,10458,14,37,15,0,2,0,0,61,13,20,4,10640
"31083, Scotland, GA",31083,37500,0,70,69,26,0,0,0,31,11,31,0,2,100,0,0,0,0,0,0,0,1,0,0,0,102
"31084, Seville, GA",31084,,,,,,,,,,,,,,,,,,,,,,,,,,
"31085, Shady Dale, GA",31085,63281,3,155,156,52,0,3,0,806,291,790,13,75,971,8,0,0,0,3,0,0,15,4,5,1,1046
"31087, Sparta, GA",31087,32623,59,5899,5856,2133,12,59,12,1942,878,1854,20,158,7854,0,28,3,0,14,1,0,103,15,6,1,8012
"31088, Warner Robins, GA",31088,79345,2168,16698,16466,6225,659,2128,671,33046,13787,31039,1272,4569,51791,482,224,63,12,37,7,39,2017,607,414,101,56360
"31089, Tennille, GA",31089,46714,13,2605,2588,956,3,13,3,1654,698,1632,23,86,4294,8,17,2,0,0,0,0,22,8,19,5,4380
"31090, Toomsboro, GA",31090,47917,1,349,348,126,0,1,0,572,211,570,3,12,933,1,0,0,0,1,0,0,3,2,0,0,945
"31091, Unadilla, GA",31091,42110,26,2632,2586,621,7,23,9,1931,604,1748,66,367,4400,26,46,11,2,0,0,3,183,26,19,1,4767
"31092, Vienna, GA",31092,46089,54,3313,3279,1258,15,52,15,2991,1339,2818,99,426,6219,49,34,12,0,0,0,2,173,33,23,5,6645
"31093, Warner Robins, GA",31093,49517,789,14109,13954,5353,237,718,258,13982,6153,12841,662,2442,28543,220,147,34,21,35,7,71,1149,329,233,51,30985
"31094, Warthen, GA",31094,64474,6,352,349,159,1,6,1,557,234,555,3,13,923,2,4,1,0,0,0,0,1,0,1,0,936
"31096, Wrightsville, GA",31096,45725,25,3375,3342,977,4,25,4,4087,1435,4010,32,171,7453,11,31,11,0,2,0,0,79,8,17,2,7624
"31097, Yatesville, GA",31097,63500,7,201,199,84,1,7,1,906,362,901,4,20,1127,2,0,0,0,2,0,0,7,2,2,0,1147
"31098, Warner Robins, GA",31098,72956,90,881,841,236,17,84,18,1450,442,1334,52,240,2391,7,38,6,1,0,0,6,118,30,43,8,2631
"31201, Macon, GA",31201,27552,192,5899,5864,2253,40,184,42,3401,1323,3175,60,384,9394,15,34,6,2,1,1,8,227,31,27,5,9778
"31204, Macon, GA",31204,41050,296,19410,19301,7466,109,289,110,9403,4552,9154,197,695,29162,61,104,31,1,17,4,7,254,77,94,23,29857
"31206, Macon, GA",31206,33849,162,22429,22297,7293,46,152,51,5140,2108,4770,272,1075,27616,127,123,34,5,10,1,10,379,89,84,16,28691
"31207, Macon, GA",31207,0,0,0,0,0,0,0,0,0,0,0,0,0,0,0,0,0,0,0,0,0,0,0,0,0,0
"31210, Macon, GA",31210,78014,1320,9149,9074,3496,426,1315,429,18869,8362,18432,268,836,29379,83,59,16,3,5,3,3,456,151,58,12,30215
"31211, Macon, GA",31211,55664,131,9191,9127,3654,43,115,46,6334,2725,6205,103,385,15692,37,46,9,3,1,0,16,147,45,53,9,16077
"31213, Macon, GA",31213,0,0,0,0,0,0,0,0,0,0,0,0,0,0,0,0,0,0,0,0,0,0,0,0,0,0
"31216, Macon, GA",31216,84981,376,3230,3216,1186,85,334,97,10443,4157,10088,265,945,13888,139,13,5,12,7,3,42,356,88,78,18,14833
"31217, Macon, GA",31217,41892,59,11452,11386,4045,20,56,21,5580,2238,5494,70,257,17183,9,56,16,1,5,3,3,96,30,50,11,17440
"31220, Macon, GA",31220,78593,663,4111,4086,1508,203,657,204,8491,3533,8288,107,393,13314,30,22,5,1,1,0,5,207,66,40,5,13707
"31301, Allenhurst, GA",31301,45117,66,2292,2263,815,21,62,22,3203,1228,3080,89,291,5681,26,30,11,1,3,1,4,122,42,41,8,5972
"31302, Bloomingdale, GA",31302,84875,93,691,673,228,28,93,28,7654,2874,7466,79,327,8452,26,15,3,0,3,1,0,192,45,20,4,8779
"31303, Clyo, GA",31303,76296,9,600,596,217,2,6,3,1841,694,1823,7,39,2456,1,0,0,1,0,0,3,22,5,2,0,2495
"31304, Crescent, GA",31304,103488,2,188,188,75,0,2,0,151,69,150,2,6,350,1,0,0,0,0,0,0,1,0,3,1,356
"31305, Darien, GA",31305,56505,44,2233,2220,884,10,40,11,4168,1798,4122,27,104,6516,6,9,2,1,4,1,4,50,16,9,1,6620
"31307, Eden, GA",31307,69068,6,50,48,17,2,6,2,933,335,923,4,17,998,1,0,0,0,0,0,0,12,3,1,0,1015
"31308, Ellabell, GA",31308,60511,72,1396,1384,472,18,72,18,8108,3088,7973,57,216,9673,8,8,2,0,2,0,0,140,45,19,2,9889
"31309, Fleming, GA",31309,73973,13,535,525,189,5,12,5,359,137,328,17,72,902,5,10,2,0,0,0,1,31,8,11,2,974
"31312, Guyton, GA",31312,84010,116,1935,1903,567,26,114,26,15218,5377,14958,95,433,17344,16,22,5,0,5,2,1,272,63,58,9,17777
"31313, Hinesville, GA",31313,61848,1378,18697,17848,6659,385,1269,409,16140,6547,13658,1689,5611,34868,466,848,235,24,70,20,109,2483,799,734,145,40479
"31314, Fort Stewart, GA",31314,75000,0,1,1,0,0,0,0,1,1,1,0,0,2,0,0,0,0,0,0,0,0,0,0,0,2
"31315, Fort Stewart, GA",31315,54051,196,2043,1887,461,60,184,61,4690,1334,3947,310,1430,6568,88,154,27,1,27,9,12,745,157,180,28,7998
"31316, Ludowici, GA",31316,59986,136,2644,2532,902,35,125,35,7213,2796,6724,375,1416,9802,184,112,21,0,17,4,11,489,141,82,25,11218
"31318, Meldrim, GA",31318,106686,7,69,68,23,2,7,2,798,297,788,6,24,897,1,0,0,0,2,1,0,12,4,7,0,921
"31320, Midway, GA",31320,73544,85,3126,3070,1140,30,81,30,5497,2350,5346,93,369,8790,20,54,11,0,10,3,4,153,44,63,15,9159
"31321, Pembroke, GA",31321,51178,52,1541,1530,534,17,52,17,4635,1771,4559,43,155,6261,13,3,3,0,0,0,0,84,25,9,2,6416
"31322, Pooler, GA",31322,85816,797,6903,6788,2169,242,782,248,12827,5250,11945,476,1657,20204,148,110,25,6,5,2,15,887,261,164,34,21861
"31323, Riceboro, GA",31323,43496,2,1281,1273,507,1,2,1,714,297,707,6,30,2017,1,9,1,0,1,0,0,6,3,7,1,2047
"31324, Richmond Hill, GA",31324,105247,682,3923,3819,1366,183,658,187,20221,7399,19255,390,1538,24604,72,101,32,4,17,5,24,969,248,199,29,26142
"31326, Rincon, GA",31326,88959,349,3791,3740,1222,99,345,100,19393,7084,18870,252,974,23671,73,47,3,1,8,3,4,528,156,116,16,24645
"31327, Sapelo Island, GA",31327,103261,1,93,93,37,0,1,0,75,34,75,0,3,173,0,0,0,0,0,0,0,0,0,2,0,176
"31328, Tybee Island, GA",31328,82766,50,125,123,23,22,50,22,3329,1586,3296,24,62,3544,5,0,0,0,2,2,0,35,17,6,0,3606
"31329, Springfield, GA",31329,70599,42,2263,2244,666,15,38,15,7888,2848,7750,58,255,10251,14,12,7,0,2,1,4,145,31,26,5,10506
"31331, Townsend, GA",31331,62922,8,2299,2289,963,1,7,1,3533,1640,3492,27,110,5929,11,10,1,0,2,0,1,41,10,8,5,6039
"31401, Savannah, GA",31401,31617,563,10178,10083,3981,194,550,199,8872,4624,8367,337,834,19506,54,86,31,5,1,0,13,514,229,55,18,20340
"31404, Savannah, GA",31404,44726,497,22370,22191,7710,190,496,191,7523,3777,7186,292,998,30575,91,178,44,1,21,5,1,338,130,133,21,31573
"31405, Savannah, GA",31405,57079,890,19703,19500,6492,313,877,317,16987,7412,16123,583,2187,37524,243,184,34,4,11,2,12,885,259,213,41,39711
"31406, Savannah, GA",31406,66160,1227,14805,14527,4916,412,1214,415,20109,8966,19170,676,2589,35921,306,246,58,3,17,4,10,976,271,210,34,38510
"31407, Savannah, GA",31407,83404,498,3995,3920,1175,158,496,159,6869,2943,6332,301,997,11135,83,76,13,1,2,0,2,536,184,83,20,12132
"31408, Savannah, GA",31408,47772,206,4180,4119,1507,64,198,65,3860,1710,3294,408,1544,7840,206,50,7,1,11,3,7,578,161,105,30,9384
"31409, Savannah, GA",31409,57500,7,69,67,12,1,7,1,123,25,104,8,34,192,3,2,0,0,0,0,0,19,5,4,0,226
"31410, Savannah, GA",31410,91410,1199,1464,1423,544,371,1183,373,22282,9805,21706,282,878,24886,66,28,5,2,7,3,4,607,193,56,13,25764
"31411, Savannah, GA",31411,138155,226,90,80,32,76,214,76,8692,4137,8592,42,141,8960,2,6,1,0,0,0,1,118,38,3,1,9101
"31415, Savannah, GA",31415,34944,118,12981,12921,4815,14,110,15,1221,223,1004,131,572,14285,61,50,11,1,6,1,8,227,47,46,10,14857
"31419, Savannah, GA",31419,67695,2384,19914,19521,7161,758,2348,768,27400,12067,25071,1478,4866,48905,514,385,100,10,44,12,35,2339,751,470,91,53771
"31501, Waycross, GA",31501,43316,199,5774,5732,2315,59,199,59,6793,3090,6651,102,367,12873,41,37,7,0,13,6,0,147,42,22,6,13240
"31503, Waycross, GA",31503,53851,171,4613,4582,1160,53,164,56,16373,6464,15889,230,970,21066,87,22,5,3,10,1,7,494,120,87,14,22036
"31510, Alma, GA",31510,45066,58,1673,1666,600,18,54,19,7630,3094,7310,203,841,9228,105,7,3,1,10,2,4,320,89,20,3,10069
"31512, Ambrose, GA",31512,59434,10,393,389,139,2,7,2,1628,616,1528,53,232,1956,27,4,2,0,3,1,3,100,21,13,2,2188
"31513, Baxley, GA",31513,49400,150,3045,2988,1068,34,119,43,11419,4669,10698,467,1956,13972,263,54,14,9,35,10,31,724,158,78,13,15928
"31516, Blackshear, GA",31516,57780,80,1379,1350,540,17,78,17,12761,4869,12415,163,740,14154,68,22,4,0,1,0,2,354,84,50,7,14894
"31518, Bristol, GA",31518,64024,2,32,32,13,0,2,0,434,181,419,7,30,461,3,0,0,0,4,1,0,15,3,2,0,491
"31519, Broxton, GA",31519,46766,33,672,663,256,7,32,7,2729,1066,2590,67,264,3327,25,10,4,0,4,1,1,138,36,14,1,3591
"31520, Brunswick, GA",31520,42160,211,11621,11510,4392,64,199,69,8134,3656,7340,682,2761,19747,423,107,27,5,37,5,12,798,197,124,25,22508
"31522, Saint Simons Island, GA",31522,107647,202,570,540,239,58,193,58,14565,7128,14326,120,381,15259,18,22,4,0,2,1,7,251,92,28,5,15640
"31523, Brunswick, GA",31523,79289,137,1712,1703,640,32,125,34,11729,4552,11390,158,700,13600,56,9,1,2,35,7,12,339,87,40,5,14300
"31524, Brunswick, GA",31524,0,0,0,0,0,0,0,0,0,0,0,0,0,0,0,0,0,0,0,0,0,0,0,0,0,0
"31525, Brunswick, GA",31525,68247,844,8662,8553,3114,227,827,230,19784,8340,18833,534,1958,29149,198,108,28,3,17,4,17,952,269,151,32,31107
"31527, Jekyll Island, GA",31527,91500,15,8,8,6,6,14,6,812,445,806,3,16,840,1,0,0,0,0,0,0,7,1,5,1,856
"31532, Denton, GA",31532,56977,0,64,64,31,0,0,0,586,237,570,9,44,644,6,0,0,0,0,0,0,16,3,0,0,688
"31533, Douglas, GA",31533,47427,260,5050,4987,1707,64,237,73,9424,3774,8608,505,2065,14111,261,61,19,9,21,7,23,818,188,92,21,16176
"31535, Douglas, GA",31535,53173,86,3243,3218,1029,19,73,24,7925,3013,7339,369,1487,10802,203,25,13,5,27,8,13,586,129,49,11,12289
"31537, Folkston, GA",31537,55280,79,4055,4003,675,15,79,15,6740,1745,6495,49,347,10865,4,31,6,0,6,2,0,267,35,12,2,11212
"31539, Hazlehurst, GA",31539,45074,72,2475,2457,964,17,68,18,10610,4145,10057,472,1901,12751,340,19,4,1,11,2,4,552,118,69,7,14652
"31542, Hoboken, GA",31542,38862,14,71,70,26,2,14,2,2680,1028,2652,11,63,2780,5,0,0,0,1,0,0,29,6,13,0,2843
"31543, Hortense, GA",31543,59028,12,107,106,42,5,12,5,5305,1974,5237,29,121,5473,9,0,0,0,1,0,0,70,17,17,3,5594
"31544, Jacksonville, GA",31544,29835,1,325,322,128,0,0,1,1116,438,1100,16,60,1432,10,2,1,1,0,0,1,17,3,3,1,1492
"31545, Jesup, GA",31545,47514,100,3360,3322,1221,24,99,24,12080,4914,11697,235,892,15526,107,36,5,0,9,1,1,385,102,100,20,16418
"31546, Jesup, GA",31546,64329,102,1980,1925,369,24,101,24,4525,1630,4078,79,739,6302,26,44,4,0,19,2,0,460,40,55,7,7041
"31547, Kings Bay, GA",31547,75000,8,40,37,0,0,8,0,295,1,268,0,40,329,0,2,0,0,0,0,0,28,0,3,0,369
"31548, Kingsland, GA",31548,74878,490,4563,4480,1646,144,478,147,15090,5802,14347,325,1215,20258,72,80,18,3,11,3,12,746,202,145,27,21473
"31549, Lumber City, GA",31549,23832,0,833,833,296,0,0,0,1067,396,1049,11,62,1892,8,1,1,0,0,0,0,17,2,6,0,1954
"31550, Manor, GA",31550,66176,1,34,34,11,1,1,1,645,270,632,18,74,686,14,0,0,0,0,0,0,13,3,2,1,760
"31551, Mershon, GA",31551,60714,1,58,58,22,0,1,0,714,275,654,22,96,727,8,0,0,0,3,1,0,60,12,4,1,823
"31552, Millwood, GA",31552,61017,2,27,26,10,1,2,1,706,277,686,15,56,725,10,0,0,0,1,0,0,21,5,2,0,781
"31553, Nahunta, GA",31553,40309,5,304,298,96,1,5,1,5022,1897,4969,23,87,5378,7,0,0,0,0,0,0,61,16,3,0,5465
"31554, Nicholls, GA",31554,43375,19,2119,2103,242,4,18,4,5019,1648,4725,122,589,6933,60,10,3,0,2,1,1,300,56,17,2,7522
"31555, Odum, GA",31555,52931,18,157,157,59,5,18,5,2604,1046,2560,22,107,2790,12,0,0,0,9,1,0,44,8,8,1,2897
"31556, Offerman, GA",31556,57143,0,5,5,2,0,0,0,59,26,59,0,2,65,0,0,0,0,1,0,0,0,0,0,0,67
"31557, Patterson, GA",31557,49596,18,362,361,140,3,18,3,3129,1203,2985,59,269,3433,20,1,0,0,6,2,0,144,35,13,2,3702
"31558, Saint Marys, GA",31558,72108,375,3943,3856,1378,95,359,98,16484,6081,15480,436,1602,20764,113,80,21,3,16,4,15,1013,262,175,33,22366
"31560, Screven, GA",31560,54955,5,362,365,146,0,5,0,2299,904,2255,21,85,2669,8,0,0,0,7,1,0,41,11,8,1,2754
"31561, Sea Island, GA",31561,110638,1,29,28,12,0,1,0,507,261,502,3,9,531,1,0,0,0,0,0,0,6,2,2,0,540
"31562, Saint George, GA",31562,48980,26,46,43,12,4,25,4,1821,511,1791,12,54,1893,3,1,0,0,2,1,0,34,8,1,0,1947
"31563, Surrency, GA",31563,50281,5,302,299,128,0,5,0,945,398,917,16,72,1238,7,3,0,0,5,1,0,28,8,4,0,1310
"31565, Waverly, GA",31565,56944,7,403,396,167,1,7,1,1396,576,1383,8,26,1804,1,3,1,0,0,0,0,17,6,3,0,1830
"31566, Waynesville, GA",31566,53704,9,194,180,72,1,9,1,3126,1184,3094,17,62,3377,3,9,1,0,0,0,0,38,13,5,0,3439
"31567, West Green, GA",31567,53049,1,39,37,14,0,1,0,632,239,619,3,20,665,1,0,0,0,0,0,0,15,2,0,0,685
"31568, White Oak, GA",31568,42303,3,315,312,119,0,3,0,962,383,943,8,29,1281,2,3,1,0,1,0,0,19,5,0,0,1310
"31569, Woodbine, GA",31569,74228,40,1522,1508,570,8,35,9,4338,1629,4250,38,148,6001,8,8,2,1,3,1,5,95,24,22,2,6149
"31601, Valdosta, GA",31601,37154,248,20263,20020,7177,70,213,81,12510,5076,11638,587,2339,32497,219,234,68,11,37,8,35,881,239,248,42,34836
"31602, Valdosta, GA",31602,57018,936,12790,12679,4173,283,922,287,21182,9105,20487,436,1431,34931,110,98,33,4,51,8,13,710,230,167,51,36362
"31605, Valdosta, GA",31605,75309,797,5767,5688,2108,206,785,212,13874,5586,13090,423,1497,20389,104,73,17,6,36,8,11,792,253,225,35,21886
"31606, Valdosta, GA",31606,64416,22,605,591,203,2,15,4,3337,1325,3248,58,250,3931,20,12,4,2,4,3,7,91,25,36,4,4181
"31620, Adel, GA",31620,53002,85,3321,3297,1164,20,84,20,6857,2632,6589,159,684,10150,84,17,5,0,3,2,1,275,58,60,10,10834
"31622, Alapaha, GA",31622,41585,4,495,486,194,1,3,1,1515,621,1489,19,65,1996,7,7,4,0,1,0,1,28,8,1,0,2061
"31623, Argyle, GA",31623,36667,0,24,24,8,0,0,0,164,61,161,4,24,188,3,1,0,0,1,0,0,2,1,1,0,212
"31624, Axson, GA",31624,56992,4,65,63,23,1,4,1,1293,493,1240,64,246,1332,50,1,1,0,3,1,0,54,11,9,1,1578
"31625, Barney, GA",31625,50882,1,234,233,94,0,1,0,668,282,645,16,62,891,8,2,1,0,0,0,0,22,5,11,2,953
"31626, Boston, GA",31626,44627,8,1648,1639,629,3,8,3,2092,860,2058,22,91,3750,11,6,0,0,1,0,0,37,8,12,3,3841
"31627, Cecil, GA",31627,46786,6,51,50,18,2,6,2,75,30,74,1,4,132,0,0,0,0,0,0,0,2,1,0,0,136
"31629, Dixie, GA",31629,46620,2,423,423,158,1,2,1,526,232,510,11,43,950,7,2,0,0,0,0,0,14,4,1,0,993
"31630, Du Pont, GA",31630,49000,2,70,69,25,1,2,1,220,83,202,8,38,285,4,0,0,0,1,0,0,19,4,1,0,323
"31631, Fargo, GA",31631,49464,2,56,57,20,1,2,1,402,161,382,11,49,468,5,0,0,0,2,0,0,19,5,4,1,517
"31632, Hahira, GA",31632,68832,145,2553,2536,620,34,145,34,8986,3302,8727,115,468,11619,37,9,3,0,12,2,0,268,65,49,8,12087
"31634, Homerville, GA",31634,45306,18,1777,1766,655,5,18,5,3819,1563,3763,60,259,5703,37,13,2,0,5,2,0,54,16,18,3,5962
"31635, Lakeland, GA",31635,47773,86,1970,1945,637,17,81,18,4557,1747,4359,96,437,6550,39,26,2,1,8,2,5,197,49,31,3,6987
"31636, Lake Park, GA",31636,62833,106,1103,1066,398,25,100,28,7467,2972,6987,272,1154,8368,128,36,10,3,6,3,6,481,112,91,16,9522
"31637, Lenox, GA",31637,44394,12,268,267,94,2,10,2,2200,839,2034,71,348,2352,35,2,1,0,12,2,2,165,30,16,3,2700
"31638, Morven, GA",31638,34556,1,318,318,123,0,1,0,505,216,484,17,52,817,10,0,0,0,0,0,0,21,7,0,0,869
"31639, Nashville, GA",31639,44983,69,1343,1326,472,22,65,22,9018,3653,8838,103,445,10390,41,16,5,0,15,2,4,181,46,68,9,10835
"31641, Naylor, GA",31641,66450,7,734,722,269,2,7,2,1620,627,1582,29,93,2401,10,9,1,0,0,0,0,41,15,7,3,2494
"31642, Pearson, GA",31642,35304,37,937,914,346,7,27,10,2963,1128,2545,370,1499,3574,252,19,4,3,2,0,10,422,105,41,6,5073
"31643, Quitman, GA",31643,47488,55,3820,3795,1419,10,50,11,4012,1739,3820,125,497,7819,66,21,10,1,0,0,5,196,43,34,5,8316
"31645, Ray City, GA",31645,59082,57,793,774,268,18,50,20,4858,1819,4658,102,448,5646,34,20,6,2,14,2,7,199,49,47,9,6094
"31647, Sparks, GA",31647,49664,13,863,860,286,2,10,3,2277,892,2201,37,173,3141,20,1,0,1,0,0,3,78,14,15,2,3314
"31648, Statenville, GA",31648,38182,3,49,48,16,1,3,1,438,160,391,23,107,469,11,1,1,0,5,1,0,47,9,2,1,576
"31649, Stockton, GA",31649,55446,10,129,127,52,2,10,2,914,355,882,14,69,1049,6,1,0,0,3,0,0,33,8,1,0,1118
"31650, Willacoochee, GA",31650,36905,16,725,716,257,3,8,6,1949,744,1759,164,663,2525,106,9,6,3,18,3,8,190,40,37,6,3188
"31698, Valdosta, GA",31698,75000,0,0,0,0,0,0,0,1,1,1,0,0,1,0,0,0,0,0,0,0,0,0,0,0,1
"31699, Moody A F B, GA",31699,0,0,0,0,0,0,0,0,0,0,0,0,0,0,0,0,0,0,0,0,0,0,0,0,0,0
"31701, Albany, GA",31701,31282,118,15061,14966,5791,35,113,37,3871,1670,3797,74,243,19152,14,92,30,2,5,2,5,77,19,25,7,19395
"31705, Albany, GA",31705,40017,256,24778,24634,7476,33,183,51,7800,3137,7437,306,1286,32913,134,142,37,18,26,5,73,365,100,105,12,34199
"31707, Albany, GA",31707,49821,382,13522,13456,5439,132,367,135,9192,4718,9004,190,569,23226,77,58,17,3,4,1,15,196,79,46,13,23795
"31709, Americus, GA",31709,45850,346,7986,7933,2899,90,339,91,6202,2801,5966,269,1009,14613,150,51,20,1,7,3,7,238,82,57,13,15622
"31711, Andersonville, GA",31711,49408,20,1525,1512,215,3,19,3,799,247,721,16,127,2265,6,12,3,0,1,0,1,79,4,16,3,2392
"31712, Arabi, GA",31712,55952,9,289,286,104,2,9,2,1006,416,988,7,34,1298,3,0,0,0,1,0,0,21,4,1,0,1332
"31714, Ashburn, GA",31714,36157,41,2787,2764,1004,10,37,11,2592,1107,2530,69,255,5382,39,22,4,1,10,1,4,63,22,16,2,5637
"31716, Baconton, GA",31716,47966,11,853,850,301,2,11,2,1416,564,1388,13,73,2314,8,2,0,0,2,1,0,29,4,5,0,2387
"31719, Americus, GA",31719,45448,26,5939,5914,1969,7,25,7,3778,1502,3715,92,382,9870,58,24,10,0,3,0,1,64,16,51,8,10252
"31720, Barwick, GA",31720,67500,1,55,53,18,1,1,1,158,72,158,5,18,217,4,2,0,0,0,0,0,0,1,0,0,235
"31721, Albany, GA",31721,79423,427,9603,9559,3631,136,420,138,8868,3856,8679,106,392,18963,30,42,12,2,2,1,7,191,56,35,5,19355
"31722, Berlin, GA",31722,41724,3,31,30,12,1,2,1,309,121,291,17,73,324,11,1,0,0,2,0,1,18,5,4,1,397
"31730, Camilla, GA",31730,50910,94,6106,6090,1746,23,89,24,3773,1319,3544,112,551,9917,74,14,6,1,4,1,5,231,27,8,3,10468
"31733, Chula, GA",31733,68447,4,52,52,19,1,4,1,1005,399,991,10,42,1059,6,1,0,0,0,0,0,13,4,3,0,1101
"31735, Cobb, GA",31735,66292,2,139,139,60,0,0,1,570,289,566,9,26,719,5,0,0,1,0,0,2,4,3,0,0,745
"31738, Coolidge, GA",31738,58185,26,521,514,199,7,24,7,1902,764,1838,45,185,2443,25,6,2,0,6,1,2,65,14,15,3,2628
"31743, De Soto, GA",31743,45000,13,338,331,125,3,13,3,297,133,290,6,22,636,2,7,1,0,0,0,0,7,3,0,0,658
"31744, Doerun, GA",31744,57623,16,441,440,166,5,15,5,2563,1011,2521,30,123,3014,15,3,0,0,7,2,1,40,11,5,2,3137
"31747, Ellenton, GA",31747,69118,4,11,10,4,0,3,1,304,98,243,21,127,258,13,1,1,1,1,1,1,61,4,2,1,385
"31749, Enigma, GA",31749,37357,21,141,125,51,4,12,6,2129,813,2035,74,334,2211,46,16,3,2,7,3,9,94,18,16,2,2545
"31750, Fitzgerald, GA",31750,45020,149,6075,6051,2322,38,143,39,10616,4308,10252,300,1283,16773,199,24,6,1,9,2,6,364,83,84,9,18056
"31756, Hartsfield, GA",31756,48636,3,49,48,13,1,3,1,784,307,760,15,63,820,8,1,0,0,1,0,0,24,5,4,2,883
"31757, Thomasville, GA",31757,53796,101,2517,2491,886,26,99,26,7427,3100,7224,110,399,10027,35,26,3,0,9,3,2,203,60,45,9,10426
"31763, Leesburg, GA",31763,78920,686,5073,5042,1619,182,681,183,18223,6597,17945,144,561,24151,42,28,9,1,7,3,5,281,81,60,8,24712
"31764, Leslie, GA",31764,44615,12,591,585,218,4,12,4,667,263,654,13,50,1270,6,6,2,0,0,0,0,13,4,1,1,1320
"31765, Meigs, GA",31765,39234,7,801,793,283,2,7,2,1497,596,1440,35,160,2278,21,7,1,0,7,1,0,58,10,8,2,2438
"31768, Moultrie, GA",31768,44915,111,6633,6542,2312,29,88,33,13903,5526,12456,932,4031,19339,495,89,24,4,62,14,23,1449,349,165,46,23370
"31771, Norman Park, GA",31771,47687,37,490,475,171,5,24,8,3998,1441,3516,241,1227,4060,141,15,4,3,30,6,13,482,75,60,12,5287
"31772, Oakfield, GA",31772,64167,1,70,70,27,0,1,0,349,133,343,3,10,422,1,0,0,0,1,0,0,6,2,0,0,432
"31773, Ochlocknee, GA",31773,50930,19,531,528,175,4,15,5,3128,1265,3062,35,151,3681,13,4,1,1,7,2,4,65,15,14,3,3832
"31774, Ocilla, GA",31774,52031,55,2234,2220,671,14,55,14,3998,1373,3931,32,155,6281,14,12,2,0,0,0,0,69,14,8,2,6436
"31775, Omega, GA",31775,29727,8,266,262,95,1,7,1,1403,528,1155,189,817,1487,130,3,1,0,11,2,1,249,52,48,4,2304
"31778, Pavo, GA",31778,57772,8,448,447,174,2,7,2,1858,752,1809,40,157,2309,26,2,0,0,4,1,1,48,12,5,1,2466
"31779, Pelham, GA",31779,41851,22,3350,3334,1147,8,20,9,4033,1614,3931,60,286,7425,29,15,4,1,12,4,2,103,19,32,3,7711
"31780, Plains, GA",31780,47897,3,595,595,205,1,2,1,859,356,844,28,110,1477,22,1,0,0,0,0,1,14,5,6,1,1587
"31781, Poulan, GA",31781,45909,3,362,355,133,1,2,1,905,360,896,5,18,1279,1,6,1,0,0,0,1,10,3,0,0,1297
"31783, Rebecca, GA",31783,57308,1,92,91,23,0,1,0,604,246,597,5,19,698,1,0,0,0,0,0,0,8,4,2,0,717
"31784, Sale City, GA",31784,52381,4,66,66,25,1,4,1,259,107,248,6,26,324,4,1,0,0,0,0,0,10,1,2,1,350
"31787, Smithville, GA",31787,46887,5,749,748,282,1,3,2,731,274,711,13,64,1493,5,0,0,1,0,0,2,21,5,6,2,1557
"31788, Moultrie, GA",31788,47709,94,1317,1270,391,14,67,20,7230,2728,6263,554,2532,7681,301,48,12,6,41,8,27,966,204,94,23,10213
"31789, Sumner, GA",31789,49850,3,228,226,80,1,3,1,969,378,958,6,22,1220,3,1,0,0,0,0,0,12,3,0,0,1242
"31790, Sycamore, GA",31790,56068,8,546,544,118,1,7,1,1309,493,1290,15,79,1852,8,4,0,0,4,1,1,17,5,2,1,1931
"31791, Sylvester, GA",31791,53229,83,4476,4445,1552,25,82,26,7438,2911,7293,58,231,12015,8,21,6,1,6,2,1,155,37,15,4,12246
"31792, Thomasville, GA",31792,42869,199,10796,10724,4198,57,198,57,11380,4896,11065,175,669,22429,54,54,18,0,5,2,1,333,88,79,13,23098
"31793, Tifton, GA",31793,62786,153,1637,1625,532,47,153,47,7145,2711,6807,260,1088,8762,168,13,2,0,4,1,0,337,83,58,6,9850
"31794, Tifton, GA",31794,46281,380,10014,9950,3626,117,375,119,15036,6367,14309,624,2778,25115,402,65,19,2,5,1,5,726,158,248,42,27893
"31795, Ty Ty, GA",31795,64716,6,315,314,114,2,6,2,1672,645,1639,21,79,1998,12,1,0,0,0,0,0,33,8,5,1,2077
"31796, Warwick, GA",31796,47158,4,358,355,112,1,4,1,831,369,815,6,27,1194,1,2,0,0,1,0,0,17,4,5,1,1221
"31798, Wray, GA",31798,54747,11,87,88,34,2,11,2,738,290,712,13,47,826,5,0,0,0,0,0,0,25,7,6,1,873
"31801, Box Springs, GA",31801,53640,80,896,885,343,22,78,23,2833,1129,2741,37,149,3786,7,9,2,1,0,0,2,94,26,11,1,3935
"31803, Buena Vista, GA",31803,39311,39,2646,2621,1080,15,35,15,1988,816,1884,134,539,4596,87,25,7,0,8,4,4,104,32,46,4,5135
"31804, Cataula, GA",31804,105763,75,710,702,270,16,72,17,4761,1708,4637,45,198,5532,9,7,4,1,3,1,3,125,28,17,2,5730
"31805, Cusseta, GA",31805,46534,52,1140,1128,484,11,52,11,1963,839,1928,24,100,3245,9,10,4,0,2,1,0,37,9,12,1,3345
"31806, Ellaville, GA",31806,53532,32,1313,1309,514,7,32,7,2772,1025,2733,33,137,4108,25,2,0,0,0,0,0,41,8,12,0,4245
"31807, Ellerslie, GA",31807,110491,49,526,520,187,12,49,12,2206,785,2138,28,101,2770,6,7,2,0,0,0,0,67,19,11,1,2871
"31808, Fortson, GA",31808,108366,221,732,718,260,51,219,51,6729,2496,6516,90,316,7665,22,12,2,0,0,0,2,215,64,21,2,7981
"31810, Geneva, GA",31810,26250,0,103,102,43,0,0,0,52,25,52,1,3,156,0,1,1,0,0,0,0,0,0,0,0,159
"31811, Hamilton, GA",31811,68929,48,1228,1213,455,10,45,11,4460,1651,4379,29,136,5737,8,10,2,1,0,0,3,86,18,9,0,5873
"31812, Junction City, GA",31812,26579,1,212,212,92,0,1,0,116,55,115,2,6,332,0,1,1,0,0,0,0,0,0,1,1,338
"31814, Louvale, GA",31814,47500,0,48,47,20,0,0,0,24,12,24,0,1,72,0,0,0,0,0,0,0,1,0,0,0,73
"31815, Lumpkin, GA",31815,38729,25,1818,1776,764,2,11,2,700,358,663,16,1367,2472,3,38,6,0,3,0,14,41,6,13,1,3839
"31816, Manchester, GA",31816,45345,105,2285,2273,874,21,105,21,2991,1331,2959,29,107,5415,13,9,3,0,2,1,0,35,12,7,0,5522
"31820, Midland, GA",31820,106178,397,2066,2029,771,113,393,114,5778,2179,5481,149,490,8175,34,37,12,1,3,1,4,297,91,52,10,8665
"31821, Omaha, GA",31821,45102,2,385,383,161,0,2,0,192,96,190,2,8,584,0,2,1,0,0,0,0,2,0,3,1,592
"31822, Pine Mountain, GA",31822,72674,42,1238,1234,475,14,42,14,3818,1543,3740,36,120,5113,7,2,1,0,2,2,0,80,25,10,1,5233
"31823, Pine Mountain Valley, GA",31823,74180,2,127,126,34,0,2,0,795,308,783,4,18,923,1,1,0,0,0,0,0,12,3,1,0,941
"31824, Preston, GA",31824,43730,6,902,896,366,1,5,1,794,336,780,16,69,1692,10,6,1,0,0,0,1,14,4,4,1,1761
"31825, Richland, GA",31825,35144,15,1122,1109,497,4,13,4,568,278,555,15,186,1700,5,11,4,0,0,0,2,15,6,3,0,1886
"31826, Shiloh, GA",31826,55952,6,744,742,282,1,6,1,1438,576,1413,14,37,2198,5,2,1,0,0,0,0,25,8,0,0,2235
"31827, Talbotton, GA",31827,39592,2,1361,1344,539,0,2,0,602,277,592,13,35,1954,4,18,5,0,0,0,0,9,4,1,0,1989
"31829, Upatoi, GA",31829,117857,27,282,276,98,7,26,7,776,280,739,15,56,1066,3,6,1,0,0,0,1,37,11,4,0,1122
"31830, Warm Springs, GA",31830,53822,12,575,574,206,3,12,3,1331,538,1309,10,41,1950,4,1,0,0,3,1,0,22,5,4,0,1991
"31831, Waverly Hall, GA",31831,77262,37,1233,1225,468,8,37,8,2743,1063,2685,36,106,4033,9,7,2,0,3,1,0,59,22,19,2,4139
"31832, Weston, GA",31832,44375,0,94,93,39,0,0,0,83,33,82,2,5,177,1,1,0,0,0,0,0,1,1,1,0,182
"31833, West Point, GA",31833,55070,70,2851,2832,1072,23,67,24,3511,1403,3444,40,138,6446,11,17,5,1,1,1,3,69,22,8,0,6584
"31836, Woodland, GA",31836,32407,1,427,422,182,1,1,1,348,161,345,3,8,784,0,3,1,0,0,0,0,5,2,0,0,792
"31901, Columbus, GA",31901,24284,49,4786,4730,1821,25,49,25,2703,1311,2571,116,326,7580,33,54,14,0,5,4,0,134,46,50,19,7906
"31903, Columbus, GA",31903,31617,324,14483,14230,5639,122,302,128,2979,1320,2126,705,2528,17341,298,221,55,6,18,5,21,887,281,227,60,19869
"31904, Columbus, GA",31904,59142,1017,8124,7924,3160,315,1001,319,20967,9143,19844,774,2603,30024,280,188,46,4,10,6,14,1139,376,268,62,32627
"31905, Fort Benning, GA",31905,69665,519,2648,2490,617,79,487,84,9480,2106,8261,534,2883,12307,185,154,39,5,42,11,31,1225,254,394,40,15190
"31906, Columbus, GA",31906,47719,167,15064,14875,6407,62,163,62,6026,2882,5842,270,785,21462,90,184,46,0,18,5,4,189,95,146,34,22247
"31907, Columbus, GA",31907,60677,961,37102,36474,13296,327,937,338,14598,6484,13377,1003,3153,52653,263,619,160,11,34,10,24,1230,441,487,118,55806
"31909, Columbus, GA",31909,78800,1812,6915,6735,2689,543,1770,556,24591,10635,23089,851,2667,33089,198,178,44,13,23,10,42,1504,522,311,64,35756
"39813, Arlington, GA",39813,29646,2,1249,1247,439,0,1,0,520,231,518,6,32,1783,5,2,1,0,0,0,1,2,0,3,0,1815
"39815, Attapulgus, GA",39815,36570,5,1003,998,360,2,4,2,475,204,423,29,137,1430,15,4,1,0,4,1,1,53,11,9,1,1567
"39817, Bainbridge, GA",39817,39980,31,5404,5361,1777,10,30,10,5051,1958,4815,131,540,10364,51,43,10,0,20,7,1,236,56,54,7,10904
"39819, Bainbridge, GA",39819,46616,106,4022,3971,1487,28,98,32,5682,2483,5402,195,850,9612,82,50,16,4,39,8,8,281,72,73,13,10462
"39823, Blakely, GA",39823,42686,44,4416,4389,1555,10,44,10,3776,1624,3690,49,184,8228,14,24,6,0,5,1,0,89,25,17,3,8412
"39824, Bluffton, GA",39824,48125,3,181,179,67,1,3,1,206,89,204,1,6,398,0,0,0,0,0,0,0,4,1,2,0,404
"39825, Brinson, GA",39825,44718,3,280,279,103,2,3,2,855,361,836,14,45,1137,8,0,0,0,0,0,0,20,6,3,0,1182
"39826, Bronwood, GA",39826,64000,0,205,205,83,0,0,0,230,103,223,3,12,432,0,0,0,0,4,0,0,7,2,1,1,444
"39827, Cairo, GA",39827,58333,15,495,491,161,2,13,2,2819,1123,2690,58,252,3268,23,6,1,0,2,0,2,127,28,22,6,3520
"39828, Cairo, GA",39828,41831,110,5578,5484,2021,15,73,21,8059,3329,7126,557,2510,12934,271,62,18,6,56,12,37,966,212,143,38,15444
"39834, Climax, GA",39834,47656,6,465,462,173,2,5,2,1055,430,1021,17,86,1500,8,3,0,0,1,0,1,34,7,10,2,1586
"39836, Coleman, GA",39836,47568,4,351,350,133,1,4,1,263,113,258,4,13,621,1,1,1,0,0,0,0,5,2,5,0,634
"39837, Colquitt, GA",39837,42928,29,1874,1853,708,8,25,9,3738,1614,3693,23,112,5641,6,22,6,1,1,1,4,44,8,11,1,5753
"39840, Cuthbert, GA",39840,44801,22,3578,3556,1344,5,21,6,1837,807,1797,27,101,5412,8,22,6,1,0,0,1,40,9,16,3,5513
"39841, Damascus, GA",39841,45909,5,298,296,114,2,3,2,309,131,308,2,10,615,1,1,0,0,0,0,2,2,1,1,0,625
"39842, Dawson, GA",39842,42161,23,4765,4743,1683,8,22,8,2030,904,1997,38,159,6843,16,18,6,0,1,0,1,37,13,21,3,7002
"39845, Donalsonville, GA",39845,42404,34,2563,2522,936,10,32,11,4329,1907,4237,56,228,6879,15,31,8,1,0,0,2,102,30,27,2,7107
"39846, Edison, GA",39846,34796,20,1392,1388,507,5,19,5,757,302,725,14,100,2169,8,4,1,0,0,0,1,32,5,3,0,2269
"39851, Fort Gaines, GA",39851,29754,2,966,964,373,1,2,1,514,245,512,4,10,1492,0,2,1,0,0,0,0,2,2,3,1,1502
"39854, Georgetown, GA",39854,46165,2,1251,1245,471,0,2,0,991,486,971,5,29,2230,1,5,1,0,1,0,0,21,3,0,0,2259
"39859, Iron City, GA",39859,48957,4,505,499,185,1,4,1,1095,473,1088,7,26,1610,3,5,1,0,0,0,0,8,3,2,0,1636
"39861, Jakin, GA",39861,46939,1,298,300,111,0,1,0,529,232,524,2,12,837,1,0,0,0,0,0,0,3,1,1,0,849
"39862, Leary, GA",39862,50588,13,625,622,265,4,12,4,387,181,384,5,31,1025,3,5,2,0,1,0,1,1,0,1,0,1056
"39866, Morgan, GA",39866,58333,23,1242,1237,98,1,8,1,666,123,628,6,112,1909,2,7,0,0,1,0,15,36,2,9,2,2021
"39867, Morris, GA",39867,34231,2,473,470,188,0,1,0,346,166,342,3,59,820,0,3,1,0,0,0,1,4,2,3,0,879
"39870, Newton, GA",39870,38365,14,1039,1026,387,5,11,5,730,337,695,21,105,1748,9,14,4,0,2,0,3,34,7,9,1,1853
"39877, Parrott, GA",39877,47353,1,154,153,62,0,1,0,181,75,179,2,7,336,1,1,0,0,0,0,0,2,1,1,0,343
"39885, Sasser, GA",39885,61111,1,125,123,43,0,1,0,196,87,195,2,7,327,1,0,0,0,0,0,0,3,1,0,0,334
"39886, Shellman, GA",39886,41346,4,655,654,260,0,4,0,695,310,687,5,16,1355,1,0,0,0,0,0,0,9,4,1,0,1371
"39897, Whigham, GA",39897,47955,19,675,669,244,6,19,6,2434,986,2402,23,90,3166,9,6,1,0,7,0,0,32,11,11,2,3256
